InvoiceID,PO_ID,VendorID,Department_Invoice,InvoiceDate,PaymentDate,InvoiceAmount_INR,PaymentMethod,ApprovedBy,Status,Missing_Invoice_Amount_Flag,Negative_Invoice_Flag,Zero_Invoice_Flag,Missing_PO_Flag,Invalid_PO_Flag,Invalid_Vendor_Flag,Invalid_Approver_Flag,EmployeeID,EmployeeName,Department_Employee,Role,ApprovalLimit_INR,Invoice_Approval_Limit_Breach_Flag,Invoice_Limit_Utilization
INV000218,PO00188,V0040,HR,2024-08-07,2024-10-15,52600.0,Bank Transfer,EMP0063,Paid,0,0,0,0,0,0,0,EMP0063,Rajesh Chauhan,Maintenance,Senior Manager,1500000,0,0.03506666666666667
INV000303,PO00263,V0124,Admin,2024-12-31,2025-03-02,15200.0,Cheque,EMP0008,Paid,0,0,0,0,0,0,0,EMP0008,Vikram Nair,Production,Senior Manager,1500000,0,0.010133333333333333
INV000215,PO00185,V0093,Maintenance,2025-01-03,2025-02-22,7994.0,Cheque,EMP0051,Paid,0,0,0,0,0,0,0,EMP0051,Vikram Patel,Sales,VP,10000000,0,0.0007994
INV000419,PO00363,V0076,Admin,2024-07-19,2024-08-18,29900.0,NEFT/RTGS,EMP0013,paid,0,0,0,0,0,0,0,EMP0013,Kavita Iyer,Quality,Senior Manager,1500000,0,0.019933333333333334
INV000548,PO00481,V0129,IT,2024-05-24,2024-06-26,176700.0,Bank Transfer,EMP0055,Paid,0,0,0,0,0,0,0,EMP0055,Manoj Patel,Quality,Manager,500000,0,0.3534
INV000402,PO00346,V0008,Maintenance,2025-03-30,2025-05-09,51000.0,Bank Transfer,EMP0031,PAID,0,0,0,0,0,0,0,EMP0031,Anjali Singh,Logistics,Manager,500000,0,0.102
INV000263,PO00231,V0100,HR,2024-10-31,2024-12-07,42462.0,Bank Transfer,EMP0031,Paid,0,0,0,0,0,0,0,EMP0031,Anjali Singh,Logistics,Manager,500000,0,0.084924
INV000573,PO00502,V0071,Admin,2024-06-19,2024-08-23,33900.0,Cheque,EMP0051,Paid,0,0,0,0,0,0,0,EMP0051,Vikram Patel,Sales,VP,10000000,0,0.00339
INV000139,PO00117,V0004,IT,2024-06-13,2024-07-07,45900.0,Cheque,EMP0048,Paid,0,0,0,0,0,0,0,EMP0048,Ravi Joshi,Sales,Manager,500000,0,0.0918
INV000229,PO00200,V0118,Procurement,2025-03-27,2025-05-06,48000.0,Bank Transfer,EMP0026,Paid,0,0,0,0,0,0,0,EMP0026,Priya Rao,Procurement,Senior Manager,1500000,0,0.032
INV000606,,V0046,Logistics,2024-04-07,2024-04-30,11900.0,Cheque,EMP0035,Paid,0,0,0,1,0,0,0,EMP0035,Anil Rao,Maintenance,VP,10000000,0,0.00119
INV000520,PO00456,V0092,Logistics,2024-08-30,2024-09-24,80500.0,NEFT/RTGS,EMP0009,PAID,0,0,0,0,0,0,0,EMP0009,Sameer Gupta,Sales,Manager,500000,0,0.161
INV000209,PO00180,V0034,Sales,2024-07-18,2024-08-17,21500.0,Bank Transfer,EMP0044,paid,0,0,0,0,0,0,0,EMP0044,Vivek Verma,Maintenance,AVP,3000000,0,0.007166666666666667
INV000004,PO00002,V0031,Production,2024-05-29,2024-06-30,16926.0,Bank Transfer,EMP0055,Paid,0,0,0,0,0,0,0,EMP0055,Manoj Patel,Quality,Manager,500000,0,0.033852
INV000600,,V0091,Quality,2025-03-05,2025-04-07,1460500.0,Bank Transfer,EMP0026,PAID,0,0,0,1,0,0,0,EMP0026,Priya Rao,Procurement,Senior Manager,1500000,0,0.9736666666666667
INV000639,PO00219,V0058,Production,2025-03-31,2025-04-11,60800.0,Bank Transfer,EMP0031,Paid,0,0,0,0,0,0,0,EMP0031,Anjali Singh,Logistics,Manager,500000,0,0.1216
INV000378,PO00323,V0010,HR,2024-06-28,2024-07-25,141700.0,Cheque,EMP0054,Paid,0,0,0,0,0,0,0,EMP0054,Deepak Singh,Production,AVP,3000000,0,0.047233333333333336
INV000207,PO00178,V0119,Procurement,2025-03-11,2025-05-04,47600.0,Bank Transfer,EMP0036,Paid,0,0,0,0,0,0,0,EMP0036,Sanjay Chauhan,Maintenance,Senior Manager,1500000,0,0.031733333333333336
INV000007,PO00004,V0028,Admin,2024-08-01,2024-09-09,33768.0,Bank Transfer,EMP0035,PAID,0,0,0,0,0,0,0,EMP0035,Anil Rao,Maintenance,VP,10000000,0,0.0033768
INV000366,PO00312,V0068,Procurement,2025-02-09,2025-03-18,262000.0,Bank Transfer,EMP0003,PAID,0,0,0,0,0,0,0,EMP0003,Amit Reddy,Procurement,Manager,500000,0,0.524
INV000361,PO00307,V0013,Production,2024-12-05,2025-02-02,91300.0,Bank Transfer,EMP0018,PAID,0,0,0,0,0,0,0,EMP0018,Neha Reddy,Sales,Manager,500000,0,0.1826
INV000587,PO00515,V0017,Quality,2025-01-31,2025-04-02,12920.0,Bank Transfer,EMP0021,PAID,0,0,0,0,0,0,0,EMP0021,Ajay Sharma,Admin,Manager,500000,0,0.02584
INV000323,PO00277,V0100,Finance,2024-06-22,2024-07-30,46722.0,Bank Transfer,EMP0031,PAID,0,0,0,0,0,0,0,EMP0031,Anjali Singh,Logistics,Manager,500000,0,0.093444
INV000290,PO00253,V0034,Admin,2024-05-25,2024-06-24,12100.0,Bank Transfer,EMP0044,paid,0,0,0,0,0,0,0,EMP0044,Vivek Verma,Maintenance,AVP,3000000,0,0.004033333333333333
INV000033,PO00025,V0114,Admin,2024-05-04,2024-06-02,374500.0,Cheque,EMP0051,Paid,0,0,0,0,0,0,0,EMP0051,Vikram Patel,Sales,VP,10000000,0,0.03745
INV000373,PO00319,V0032,Admin,2024-08-30,2024-10-09,6700.0,Bank Transfer,EMP0056,Paid,0,0,0,0,0,0,0,EMP0056,Pooja Iyer,IT,AVP,3000000,0,0.0022333333333333333
INV000281,PO00246,V0097,Maintenance,2024-12-09,2025-01-18,48300.0,NEFT/RTGS,EMP0034,PAID,0,0,0,0,0,0,0,EMP0034,Ravi Reddy,HR,AVP,3000000,0,0.0161
INV000517,PO00453,V0076,Admin,2025-02-24,2025-04-03,82000.0,Bank Transfer,EMP0013,paid,0,0,0,0,0,0,0,EMP0013,Kavita Iyer,Quality,Senior Manager,1500000,0,0.05466666666666667
INV000584,PO00512,V0065,IT,2025-03-26,2025-04-26,15900.0,Bank Transfer,EMP0026,Paid,0,0,0,0,0,0,0,EMP0026,Priya Rao,Procurement,Senior Manager,1500000,0,0.0106
INV000227,PO00198,V0031,Procurement,2024-08-11,2024-09-10,66900.0,Bank Transfer,EMP0055,Paid,0,0,0,0,0,0,0,EMP0055,Manoj Patel,Quality,Manager,500000,0,0.1338
INV000100,PO00084,V0056,Sales,2024-08-28,2024-11-04,36600.0,Bank Transfer,EMP0004,PAID,0,0,0,0,0,0,0,EMP0004,Sameer Chauhan,Admin,Manager,500000,0,0.0732
INV000607,,V0087,Admin,2025-03-14,2025-04-08,19400.0,,EMP0031,Paid,0,0,0,1,0,0,0,EMP0031,Anjali Singh,Logistics,Manager,500000,0,0.0388
INV000011,PO00006,V0098,HR,2024-10-26,2024-11-14,21944.0,Bank Transfer,EMP0009,Paid,0,0,0,0,0,0,0,EMP0009,Sameer Gupta,Sales,Manager,500000,0,0.043888
INV000016,PO00010,V0007,HR,2024-05-14,2024-07-21,9324.0,Cheque,EMP0031,paid,0,0,0,0,0,0,0,EMP0031,Anjali Singh,Logistics,Manager,500000,0,0.018648
INV000130,PO00108,V0114,Logistics,2025-03-16,2025-04-22,34000.0,Bank Transfer,EMP0051,Paid,0,0,0,0,0,0,0,EMP0051,Vikram Patel,Sales,VP,10000000,0,0.0034
INV000087,PO00070,V0024,Sales,2024-11-05,2024-12-14,15863.0,Cheque,EMP0002,Paid,0,0,0,0,0,0,0,EMP0002,Varun Gupta,Production,AVP,3000000,0,0.005287666666666667
INV000617,,V0061,Procurement,2024-04-13,2024-04-23,28800.0,Bank Transfer,EMP0029,Paid,0,0,0,1,0,0,0,EMP0029,Deepak Chauhan,Admin,Manager,500000,0,0.0576
INV000349,PO00297,V0095,Admin,2024-10-21,2024-11-28,33012.0,Bank Transfer,EMP0004,paid,0,0,0,0,0,0,0,EMP0004,Sameer Chauhan,Admin,Manager,500000,0,0.066024
INV000546,PO00479,V0012,Quality,2024-06-11,2024-07-29,400000.0,NEFT/RTGS,EMP0044,paid,0,0,0,0,0,0,0,EMP0044,Vivek Verma,Maintenance,AVP,3000000,0,0.13333333333333333
INV000313,PO00271,V0055,Production,2025-03-29,2025-04-19,73428.0,Bank Transfer,EMP0002,paid,0,0,0,0,0,0,0,EMP0002,Varun Gupta,Production,AVP,3000000,0,0.024476
INV000223,PO00194,V0103,Quality,2024-11-18,2024-12-19,14700.0,Bank Transfer,EMP0008,Paid,0,0,0,0,0,0,0,EMP0008,Vikram Nair,Production,Senior Manager,1500000,0,0.0098
INV000492,PO00432,V0102,Procurement,2024-08-21,2024-09-22,15700.0,Bank Transfer,EMP0009,PAID,0,0,0,0,0,0,0,EMP0009,Sameer Gupta,Sales,Manager,500000,0,0.0314
INV000173,PO00146,V0028,Admin,2024-09-30,2024-10-28,117400.0,Bank Transfer,EMP0035,PAID,0,0,0,0,0,0,0,EMP0035,Anil Rao,Maintenance,VP,10000000,0,0.01174
INV000500,PO00439,V0096,Logistics,2024-08-01,2024-09-03,128439.0,NEFT/RTGS,EMP0054,paid,0,0,0,0,0,0,0,EMP0054,Deepak Singh,Production,AVP,3000000,0,0.042813
INV000167,PO00141,V0096,Quality,2024-06-30,2024-07-30,24400.0,Cheque,EMP0054,Paid,0,0,0,0,0,0,0,EMP0054,Deepak Singh,Production,AVP,3000000,0,0.008133333333333333
INV000075,PO00061,V0042,Production,2025-01-20,2025-03-25,7350.0,NEFT/RTGS,EMP0036,Paid,0,0,0,0,0,0,0,EMP0036,Sanjay Chauhan,Maintenance,Senior Manager,1500000,0,0.0049
INV000106,PO00088,V0043,Admin,2024-11-07,2024-12-15,72200.0,Bank Transfer,EMP0021,Paid,0,0,0,0,0,0,0,EMP0021,Ajay Sharma,Admin,Manager,500000,0,0.1444
INV000189,PO00160,V0050,HR,2025-03-22,2025-04-03,17587.0,Bank Transfer,EMP0039,Paid,0,0,0,0,0,0,0,EMP0039,Rajesh Iyer,Quality,Manager,500000,0,0.035174
INV000049,PO00040,V0106,Sales,2025-03-28,2025-05-19,19600.0,Bank Transfer,EMP0049,paid,0,0,0,0,0,0,0,EMP0049,Deepak Malhotra,HR,Manager,500000,0,0.0392
INV000330,PO00281,V0122,Procurement,2025-01-17,2025-02-13,4800.0,Bank Transfer,EMP0018,paid,0,0,0,0,0,0,0,EMP0018,Neha Reddy,Sales,Manager,500000,0,0.0096
INV000248,PO00214,V0028,Admin,2024-08-25,2024-09-22,95700.0,Bank Transfer,EMP0035,paid,0,0,0,0,0,0,0,EMP0035,Anil Rao,Maintenance,VP,10000000,0,0.00957
INV000265,PO00232,V0077,Finance,2024-06-12,2024-08-13,43700.0,Bank Transfer,EMP0004,PAID,0,0,0,0,0,0,0,EMP0004,Sameer Chauhan,Admin,Manager,500000,0,0.0874
INV000082,PO00066,V0119,Maintenance,2024-10-06,2024-11-28,37900.0,Bank Transfer,EMP0036,paid,0,0,0,0,0,0,0,EMP0036,Sanjay Chauhan,Maintenance,Senior Manager,1500000,0,0.025266666666666666
INV000023,PO00017,V0027,Quality,2024-10-17,2024-11-15,66300.0,Bank Transfer,EMP0003,Paid,0,0,0,0,0,0,0,EMP0003,Amit Reddy,Procurement,Manager,500000,0,0.1326
INV000383,PO00328,V0057,Quality,2024-12-28,2025-02-02,83700.0,Cheque,EMP0026,PAID,0,0,0,0,0,0,0,EMP0026,Priya Rao,Procurement,Senior Manager,1500000,0,0.0558
INV000168,PO00142,V0103,IT,2024-08-08,2024-09-12,132804.0,Bank Transfer,EMP0008,Paid,0,0,0,0,0,0,0,EMP0008,Vikram Nair,Production,Senior Manager,1500000,0,0.088536
INV000521,PO00457,V0048,Sales,2024-10-16,2024-12-21,26800.0,NEFT/RTGS,EMP0063,PAID,0,0,0,0,0,0,0,EMP0063,Rajesh Chauhan,Maintenance,Senior Manager,1500000,0,0.017866666666666666
INV000487,PO00426,V0021,Sales,2024-10-22,2024-12-09,15264.0,NEFT/RTGS,EMP0052,paid,0,0,0,0,0,0,0,EMP0052,Suresh Kapoor,HR,Senior Manager,1500000,0,0.010176
INV000434,PO00378,V0044,Maintenance,2024-06-21,2024-08-09,16426.0,Cheque,EMP0049,paid,0,0,0,0,0,0,0,EMP0049,Deepak Malhotra,HR,Manager,500000,0,0.032852
INV000555,PO00486,V0031,Maintenance,2024-04-13,2024-05-12,9968.0,Bank Transfer,EMP0055,PAID,0,0,0,0,0,0,0,EMP0055,Manoj Patel,Quality,Manager,500000,0,0.019936
INV000588,PO00515,V0017,Quality,2025-02-07,2025-04-06,15980.0,Bank Transfer,EMP0021,Paid,0,0,0,0,0,0,0,EMP0021,Ajay Sharma,Admin,Manager,500000,0,0.03196
INV000065,PO00052,V0024,Quality,2024-11-12,2024-12-19,5460.0,Cheque,EMP0002,paid,0,0,0,0,0,0,0,EMP0002,Varun Gupta,Production,AVP,3000000,0,0.00182
INV000577,PO00506,V0128,Logistics,2024-10-16,2024-11-21,58100.0,Bank Transfer,EMP0010,paid,0,0,0,0,0,0,0,EMP0010,Suresh Singh,IT,Manager,500000,0,0.1162
INV000456,PO00399,V0029,IT,2025-01-22,2025-03-17,29800.0,,EMP0056,Paid,0,0,0,0,0,0,0,EMP0056,Pooja Iyer,IT,AVP,3000000,0,0.009933333333333334
INV000404,PO00350,V0118,Production,2024-05-11,2024-06-11,36400.0,NEFT/RTGS,EMP0026,PAID,0,0,0,0,0,0,0,EMP0026,Priya Rao,Procurement,Senior Manager,1500000,0,0.024266666666666666
INV000135,PO00113,V0122,IT,2024-12-26,2025-02-01,29435.0,Cheque,EMP0018,PAID,0,0,0,0,0,0,0,EMP0018,Neha Reddy,Sales,Manager,500000,0,0.05887
INV000246,PO00212,V0033,Production,2024-08-31,2024-10-18,39100.0,Bank Transfer,EMP0009,PAID,0,0,0,0,0,0,0,EMP0009,Sameer Gupta,Sales,Manager,500000,0,0.0782
INV000028,PO00021,V0085,Maintenance,2025-01-25,2025-03-19,54900.0,Bank Transfer,EMP0003,Paid,0,0,0,0,0,0,0,EMP0003,Amit Reddy,Procurement,Manager,500000,0,0.1098
INV000416,PO00360,V0081,IT,2024-09-25,2024-11-29,8190.0,Bank Transfer,EMP0036,paid,0,0,0,0,0,0,0,EMP0036,Sanjay Chauhan,Maintenance,Senior Manager,1500000,0,0.00546
INV000547,PO00480,V0037,Finance,2025-03-02,2025-03-25,129100.0,Cheque,EMP0004,Paid,0,0,0,0,0,0,0,EMP0004,Sameer Chauhan,Admin,Manager,500000,0,0.2582
INV000589,PO00515,V0017,Quality,2025-02-02,2025-04-08,5100.0,Cheque,EMP0021,Paid,0,0,0,0,0,0,0,EMP0021,Ajay Sharma,Admin,Manager,500000,0,0.0102
INV000288,PO00250,V0078,Logistics,2024-12-26,2025-03-06,28400.0,Bank Transfer,EMP0044,Paid,0,0,0,0,0,0,0,EMP0044,Vivek Verma,Maintenance,AVP,3000000,0,0.009466666666666667
INV000472,PO00412,V0045,HR,2025-01-13,2025-01-28,23500.0,Bank Transfer,EMP0010,paid,0,0,0,0,0,0,0,EMP0010,Suresh Singh,IT,Manager,500000,0,0.047
INV000437,PO00379,V0013,HR,2024-10-04,2024-12-07,16300.0,Bank Transfer,EMP0018,Paid,0,0,0,0,0,0,0,EMP0018,Neha Reddy,Sales,Manager,500000,0,0.0326
INV000575,PO00504,V0068,Logistics,2025-03-30,2025-05-06,85600.0,NEFT/RTGS,EMP0003,paid,0,0,0,0,0,0,0,EMP0003,Amit Reddy,Procurement,Manager,500000,0,0.1712
INV000430,PO00374,V0068,IT,2025-02-22,2025-03-22,4920.0,Bank Transfer,EMP0003,paid,0,0,0,0,0,0,0,EMP0003,Amit Reddy,Procurement,Manager,500000,0,0.00984
INV000210,PO00181,V0063,Production,2025-01-05,2025-02-04,36800.0,NEFT/RTGS,EMP0010,PAID,0,0,0,0,0,0,0,EMP0010,Suresh Singh,IT,Manager,500000,0,0.0736
INV000264,PO00231,V0100,HR,2024-10-22,2024-11-30,58638.0,Cheque,EMP0031,Paid,0,0,0,0,0,0,0,EMP0031,Anjali Singh,Logistics,Manager,500000,0,0.117276
INV000051,PO00043,V0102,Sales,2025-03-05,2025-04-10,16878.0,Bank Transfer,EMP0009,Paid,0,0,0,0,0,0,0,EMP0009,Sameer Gupta,Sales,Manager,500000,0,0.033756
INV000397,PO00340,V0013,HR,2025-01-22,2025-03-31,19100.0,NEFT/RTGS,EMP0018,Paid,0,0,0,0,0,0,0,EMP0018,Neha Reddy,Sales,Manager,500000,0,0.0382
INV000038,PO00028,V0103,Procurement,2024-09-29,2024-11-06,44200.0,Bank Transfer,EMP0008,Paid,0,0,0,0,0,0,0,EMP0008,Vikram Nair,Production,Senior Manager,1500000,0,0.029466666666666665
INV000583,PO00511,V0103,Admin,2024-12-29,2025-02-05,14600.0,Cheque,EMP0008,paid,0,0,0,0,0,0,0,EMP0008,Vikram Nair,Production,Senior Manager,1500000,0,0.009733333333333333
INV000318,PO00274,V0103,Maintenance,2025-02-21,2025-03-28,3381.0,Bank Transfer,EMP0008,Paid,0,0,0,0,0,0,0,EMP0008,Vikram Nair,Production,Senior Manager,1500000,0,0.002254
INV000510,PO00448,V0121,Finance,2025-03-27,2025-04-14,55100.0,Bank Transfer,EMP0049,paid,0,0,0,0,0,0,0,EMP0049,Deepak Malhotra,HR,Manager,500000,0,0.1102
INV000399,PO00343,V0021,Production,2025-01-11,2025-03-01,37600.0,Bank Transfer,EMP0052,Paid,0,0,0,0,0,0,0,EMP0052,Suresh Kapoor,HR,Senior Manager,1500000,0,0.025066666666666668
INV000320,PO00274,V0103,Maintenance,2025-02-21,2025-03-22,4347.0,Bank Transfer,EMP0008,PAID,0,0,0,0,0,0,0,EMP0008,Vikram Nair,Production,Senior Manager,1500000,0,0.002898
INV000037,PO00027,V0126,HR,2024-06-27,2024-07-24,26788.0,NEFT/RTGS,EMP0009,paid,0,0,0,0,0,0,0,EMP0009,Sameer Gupta,Sales,Manager,500000,0,0.053576
INV000274,PO00239,V0049,Finance,2025-02-17,2025-04-22,22239.0,,EMP0053,Paid,0,0,0,0,0,0,0,EMP0053,Manoj Sharma,Admin,AVP,3000000,0,0.007413
INV000357,PO00303,V0059,Quality,2024-09-14,2024-09-27,11200.0,Bank Transfer,EMP0018,PAID,0,0,0,0,0,0,0,EMP0018,Neha Reddy,Sales,Manager,500000,0,0.0224
INV000196,PO00167,V0084,IT,2024-10-24,2024-12-01,-44600.0,Bank Transfer,EMP0008,Paid,0,1,0,0,0,0,0,EMP0008,Vikram Nair,Production,Senior Manager,1500000,0,-0.029733333333333334
INV000031,PO00024,V0042,Maintenance,2024-05-13,2024-07-21,1976.0,Bank Transfer,EMP0036,Paid,0,0,0,0,0,0,0,EMP0036,Sanjay Chauhan,Maintenance,Senior Manager,1500000,0,0.0013173333333333333
INV000465,PO00405,V0017,Maintenance,2025-03-21,2025-05-28,114789.0,Cheque,EMP0021,Paid,0,0,0,0,0,0,0,EMP0021,Ajay Sharma,Admin,Manager,500000,0,0.229578
INV000119,PO00099,V0055,Admin,2024-10-26,2024-11-12,48048.0,NEFT/RTGS,EMP0002,Paid,0,0,0,0,0,0,0,EMP0002,Varun Gupta,Production,AVP,3000000,0,0.016016
INV000479,PO00420,V0052,HR,2024-10-07,2024-11-26,31700.0,Bank Transfer,EMP0055,PAID,0,0,0,0,0,0,0,EMP0055,Manoj Patel,Quality,Manager,500000,0,0.0634
INV000441,PO00385,V0049,Sales,2025-02-13,2025-04-19,34600.0,NEFT/RTGS,EMP0053,Paid,0,0,0,0,0,0,0,EMP0053,Manoj Sharma,Admin,AVP,3000000,0,0.011533333333333333
INV000178,PO00151,V0044,HR,2025-03-15,2025-04-27,79500.0,Bank Transfer,EMP0049,Paid,0,0,0,0,0,0,0,EMP0049,Deepak Malhotra,HR,Manager,500000,0,0.159
INV000050,PO00041,V0009,Procurement,2025-02-11,2025-03-22,69800.0,Bank Transfer,EMP0034,PAID,0,0,0,0,0,0,0,EMP0034,Ravi Reddy,HR,AVP,3000000,0,0.023266666666666668
INV000550,PO00483,V0121,Finance,2024-11-09,2024-11-28,53000.0,Bank Transfer,EMP0049,Paid,0,0,0,0,0,0,0,EMP0049,Deepak Malhotra,HR,Manager,500000,0,0.106
INV000008,PO00004,V0028,Admin,2024-08-07,2024-09-07,60032.0,Bank Transfer,EMP0035,Paid,0,0,0,0,0,0,0,EMP0035,Anil Rao,Maintenance,VP,10000000,0,0.0060032
INV000310,PO00268,V0110,Production,2024-06-27,2024-08-26,30744.0,Bank Transfer,EMP0044,Paid,0,0,0,0,0,0,0,EMP0044,Vivek Verma,Maintenance,AVP,3000000,0,0.010248
INV000369,PO00315,V0050,IT,2024-08-06,2024-08-20,126300.0,Bank Transfer,EMP0039,Paid,0,0,0,0,0,0,0,EMP0039,Rajesh Iyer,Quality,Manager,500000,0,0.2526
INV000551,PO00484,V0055,Sales,2025-03-26,2025-04-13,166900.0,NEFT/RTGS,EMP0002,Paid,0,0,0,0,0,0,0,EMP0002,Varun Gupta,Production,AVP,3000000,0,0.05563333333333333
INV000387,PO00332,V0002,IT,2024-10-20,2024-12-20,123300.0,Bank Transfer,EMP0026,Paid,0,0,0,0,0,0,0,EMP0026,Priya Rao,Procurement,Senior Manager,1500000,0,0.0822
INV000436,PO00378,V0044,Maintenance,2024-06-16,2024-08-04,21392.0,Cheque,EMP0049,PAID,0,0,0,0,0,0,0,EMP0049,Deepak Malhotra,HR,Manager,500000,0,0.042784
INV000175,PO00148,V0121,HR,2024-12-23,2025-01-17,19000.0,Bank Transfer,EMP0049,paid,0,0,0,0,0,0,0,EMP0049,Deepak Malhotra,HR,Manager,500000,0,0.038
INV000108,PO00090,V0039,IT,2024-12-10,2024-12-24,30900.0,NEFT/RTGS,EMP0044,paid,0,0,0,0,0,0,0,EMP0044,Vivek Verma,Maintenance,AVP,3000000,0,0.0103
INV000041,PO00032,V0085,Production,2025-02-19,2025-04-09,20000.0,Cheque,EMP0003,PAID,0,0,0,0,0,0,0,EMP0003,Amit Reddy,Procurement,Manager,500000,0,0.04
INV000486,PO00426,V0021,Sales,2024-10-31,2024-12-12,636.0,NEFT/RTGS,EMP0052,Paid,0,0,0,0,0,0,0,EMP0052,Suresh Kapoor,HR,Senior Manager,1500000,0,0.000424
INV000114,PO00096,V0042,Finance,2024-05-31,2024-07-29,3276.0,Bank Transfer,EMP0036,Paid,0,0,0,0,0,0,0,EMP0036,Sanjay Chauhan,Maintenance,Senior Manager,1500000,0,0.002184
INV000368,PO00314,V0025,HR,2024-08-25,2024-10-17,27500.0,NEFT/RTGS,EMP0036,Paid,0,0,0,0,0,0,0,EMP0036,Sanjay Chauhan,Maintenance,Senior Manager,1500000,0,0.018333333333333333
INV000482,PO00423,V0039,Maintenance,2024-07-15,2024-07-30,32300.0,Cheque,EMP0044,PAID,0,0,0,0,0,0,0,EMP0044,Vivek Verma,Maintenance,AVP,3000000,0,0.010766666666666667
INV000079,PO00063,V0073,Procurement,2025-03-28,2025-05-07,5070.0,Bank Transfer,EMP0034,PAID,0,0,0,0,0,0,0,EMP0034,Ravi Reddy,HR,AVP,3000000,0,0.00169
INV000144,PO00123,V0122,IT,2024-05-19,2024-06-18,9580.0,Cheque,EMP0018,Paid,0,0,0,0,0,0,0,EMP0018,Neha Reddy,Sales,Manager,500000,0,0.01916
INV000156,PO00130,V0110,Production,2024-11-15,2025-01-19,2885800.0,,EMP0044,paid,0,0,0,0,0,0,0,EMP0044,Vivek Verma,Maintenance,AVP,3000000,0,0.9619333333333333
INV000580,PO00508,V0060,IT,2024-06-24,2024-07-13,72400.0,Cheque,EMP0018,paid,0,0,0,0,0,0,0,EMP0018,Neha Reddy,Sales,Manager,500000,0,0.1448
INV000101,PO00085,V0084,Production,2024-07-08,2024-08-07,42413.0,NEFT/RTGS,EMP0008,Paid,0,0,0,0,0,0,0,EMP0008,Vikram Nair,Production,Senior Manager,1500000,0,0.028275333333333333
INV000295,PO00257,V0063,Logistics,2024-06-10,2024-07-18,45600.0,Bank Transfer,EMP0010,Paid,0,0,0,0,0,0,0,EMP0010,Suresh Singh,IT,Manager,500000,0,0.0912
INV000338,PO00288,V0105,HR,2024-10-28,2024-11-30,29700.0,Bank Transfer,EMP0035,Paid,0,0,0,0,0,0,0,EMP0035,Anil Rao,Maintenance,VP,10000000,0,0.00297
INV000344,PO00294,V0082,HR,2025-03-27,2025-06-01,60400.0,NEFT/RTGS,EMP0012,PAID,0,0,0,0,0,0,0,EMP0012,Arjun Mehta,Production,VP,10000000,0,0.00604
INV000132,PO00111,V0103,Finance,2024-05-18,2024-06-19,28000.0,NEFT/RTGS,EMP0008,PAID,0,0,0,0,0,0,0,EMP0008,Vikram Nair,Production,Senior Manager,1500000,0,0.018666666666666668
INV000211,PO00182,V0019,Finance,2025-03-04,2025-05-11,45700.0,Bank Transfer,EMP0021,PAID,0,0,0,0,0,0,0,EMP0021,Ajay Sharma,Admin,Manager,500000,0,0.0914
INV000370,PO00316,V0085,Production,2024-07-23,2024-09-09,164100.0,Cheque,EMP0003,paid,0,0,0,0,0,0,0,EMP0003,Amit Reddy,Procurement,Manager,500000,0,0.3282
INV000411,PO00357,V0095,Sales,2025-03-29,2025-05-07,82400.0,Cheque,EMP0004,Paid,0,0,0,0,0,0,0,EMP0004,Sameer Chauhan,Admin,Manager,500000,0,0.1648
INV000468,PO00408,V0125,HR,2024-12-27,2025-01-28,10600.0,Bank Transfer,EMP0035,Paid,0,0,0,0,0,0,0,EMP0035,Anil Rao,Maintenance,VP,10000000,0,0.00106
INV000270,PO00237,V0091,Finance,2024-05-30,2024-07-07,12000.0,Bank Transfer,EMP0026,Paid,0,0,0,0,0,0,0,EMP0026,Priya Rao,Procurement,Senior Manager,1500000,0,0.008
INV000401,PO00345,V0076,Production,2025-02-24,2025-03-28,77000.0,Bank Transfer,EMP0013,Paid,0,0,0,0,0,0,0,EMP0013,Kavita Iyer,Quality,Senior Manager,1500000,0,0.051333333333333335
INV000352,PO00300,V0102,Procurement,2024-11-22,2024-12-25,207800.0,Bank Transfer,EMP0009,Paid,0,0,0,0,0,0,0,EMP0009,Sameer Gupta,Sales,Manager,500000,0,0.4156
INV000582,PO00510,V0029,Finance,2024-09-27,2024-11-12,129800.0,Cheque,EMP0056,PAID,0,0,0,0,0,0,0,EMP0056,Pooja Iyer,IT,AVP,3000000,0,0.04326666666666667
INV000112,PO00094,V0098,Maintenance,2024-07-24,2024-08-08,52200.0,Bank Transfer,EMP0009,PAID,0,0,0,0,0,0,0,EMP0009,Sameer Gupta,Sales,Manager,500000,0,0.1044
INV000379,PO00324,V0022,Sales,2025-03-13,2025-04-09,59900.0,Bank Transfer,EMP0003,PAID,0,0,0,0,0,0,0,EMP0003,Amit Reddy,Procurement,Manager,500000,0,0.1198
INV000176,PO00149,V0081,Production,2024-09-09,2024-11-18,103500.0,NEFT/RTGS,EMP0036,paid,0,0,0,0,0,0,0,EMP0036,Sanjay Chauhan,Maintenance,Senior Manager,1500000,0,0.069
INV000620,,V0014,IT,2024-05-27,2024-06-12,14500.0,Cheque,EMP0039,paid,0,0,0,1,0,0,0,EMP0039,Rajesh Iyer,Quality,Manager,500000,0,0.029
INV000594,PO00520,V0061,Maintenance,2024-08-31,2024-10-04,119320.0,Bank Transfer,EMP0029,PAID,0,0,0,0,0,0,0,EMP0029,Deepak Chauhan,Admin,Manager,500000,0,0.23864
INV000469,PO00409,V0054,Logistics,2024-08-08,2024-09-05,60700.0,NEFT/RTGS,EMP0008,PAID,0,0,0,0,0,0,0,EMP0008,Vikram Nair,Production,Senior Manager,1500000,0,0.040466666666666665
INV000640,PO00375,V0045,Quality,2024-06-30,2024-07-19,90100.0,Bank Transfer,EMP0010,paid,0,0,0,0,0,0,0,EMP0010,Suresh Singh,IT,Manager,500000,0,0.1802
INV000220,PO00191,V0082,Production,2024-07-22,2024-09-26,71200.0,Cheque,EMP0012,Paid,0,0,0,0,0,0,0,EMP0012,Arjun Mehta,Production,VP,10000000,0,0.00712
INV000421,PO00365,V0015,Quality,2025-03-18,2025-04-26,20100.0,Bank Transfer,EMP0008,Paid,0,0,0,0,0,0,0,EMP0008,Vikram Nair,Production,Senior Manager,1500000,0,0.0134
INV000153,PO00127,V0011,Procurement,2024-12-11,2025-01-03,26600.0,Bank Transfer,EMP0048,PAID,0,0,0,0,0,0,0,EMP0048,Ravi Joshi,Sales,Manager,500000,0,0.0532
INV000496,PO00436,V0104,IT,2024-07-07,2024-08-19,109200.0,Bank Transfer,EMP0029,Paid,0,0,0,0,0,0,0,EMP0029,Deepak Chauhan,Admin,Manager,500000,0,0.2184
INV000145,PO00123,V0122,IT,2024-05-20,2024-06-23,27303.0,Cheque,EMP0018,Paid,0,0,0,0,0,0,0,EMP0018,Neha Reddy,Sales,Manager,500000,0,0.054606
INV000341,PO00291,V0016,Admin,2025-03-27,2025-05-19,469600.0,Bank Transfer,EMP0063,paid,0,0,0,0,0,0,0,EMP0063,Rajesh Chauhan,Maintenance,Senior Manager,1500000,0,0.31306666666666666
INV000442,PO00386,V0065,Finance,2024-09-29,2024-10-29,35200.0,Cheque,EMP0026,Paid,0,0,0,0,0,0,0,EMP0026,Priya Rao,Procurement,Senior Manager,1500000,0,0.023466666666666667
INV000181,PO00155,V0065,HR,2025-03-26,2025-04-26,71500.0,Cheque,EMP0026,Paid,0,0,0,0,0,0,0,EMP0026,Priya Rao,Procurement,Senior Manager,1500000,0,0.04766666666666667
INV000138,PO00116,V0050,Production,2025-03-27,2025-04-13,96348.0,NEFT/RTGS,EMP0039,paid,0,0,0,0,0,0,0,EMP0039,Rajesh Iyer,Quality,Manager,500000,0,0.192696
INV000127,PO00105,V0025,Sales,2024-06-22,2024-08-09,5700.0,Bank Transfer,EMP0036,paid,0,0,0,0,0,0,0,EMP0036,Sanjay Chauhan,Maintenance,Senior Manager,1500000,0,0.0038
INV000519,PO00455,V0025,Procurement,2024-11-01,2024-12-24,27600.0,Cheque,EMP0036,Paid,0,0,0,0,0,0,0,EMP0036,Sanjay Chauhan,Maintenance,Senior Manager,1500000,0,0.0184
INV000385,PO00330,V0122,HR,2024-06-10,2024-07-08,33200.0,NEFT/RTGS,EMP0018,Paid,0,0,0,0,0,0,0,EMP0018,Neha Reddy,Sales,Manager,500000,0,0.0664
INV000336,PO00286,V0081,Finance,2024-12-25,2025-02-23,36624.0,Bank Transfer,EMP0036,PAID,0,0,0,0,0,0,0,EMP0036,Sanjay Chauhan,Maintenance,Senior Manager,1500000,0,0.024416
INV000301,PO00262,V0046,Sales,2024-06-01,2024-08-05,201528.0,NEFT/RTGS,EMP0035,paid,0,0,0,0,0,0,0,EMP0035,Anil Rao,Maintenance,VP,10000000,0,0.0201528
INV000104,PO00086,V0030,HR,2025-03-27,2025-04-20,9400.0,NEFT/RTGS,EMP0009,paid,0,0,0,0,0,0,0,EMP0009,Sameer Gupta,Sales,Manager,500000,0,0.0188
INV000634,PO00164,V0119,HR,2025-03-29,2025-04-16,113400.0,Bank Transfer,EMP0036,PAID,0,0,0,0,0,0,0,EMP0036,Sanjay Chauhan,Maintenance,Senior Manager,1500000,0,0.0756
INV000054,PO00044,V0122,Quality,2024-12-29,2025-02-06,37400.0,Bank Transfer,EMP0018,paid,0,0,0,0,0,0,0,EMP0018,Neha Reddy,Sales,Manager,500000,0,0.0748
INV000490,PO00430,V0002,Sales,2024-08-17,2024-10-23,328800.0,NEFT/RTGS,EMP0026,paid,0,0,0,0,0,0,0,EMP0026,Priya Rao,Procurement,Senior Manager,1500000,0,0.2192
INV000540,PO00475,V0123,Quality,2024-12-08,2025-01-02,3520.0,NEFT/RTGS,EMP0046,Paid,0,0,0,0,0,0,0,EMP0046,Nikhil Gupta,Quality,Manager,500000,0,0.00704
INV000376,PO00321,V0028,HR,2024-04-11,2024-05-19,1744.0,NEFT/RTGS,EMP0035,Paid,0,0,0,0,0,0,0,EMP0035,Anil Rao,Maintenance,VP,10000000,0,0.0001744
INV000513,PO00450,V0098,Sales,2024-12-26,2025-01-08,47328.0,NEFT/RTGS,EMP0009,Paid,0,0,0,0,0,0,0,EMP0009,Sameer Gupta,Sales,Manager,500000,0,0.094656
INV000200,PO00171,V0024,Finance,2024-07-06,2024-08-08,20200.0,Bank Transfer,EMP0002,Paid,0,0,0,0,0,0,0,EMP0002,Varun Gupta,Production,AVP,3000000,0,0.006733333333333333
INV000307,PO00265,V0074,Procurement,2024-10-12,2024-11-19,9831300.0,Bank Transfer,EMP0051,PAID,0,0,0,0,0,0,0,EMP0051,Vikram Patel,Sales,VP,10000000,0,0.98313
INV000072,PO00058,V0114,IT,2024-09-17,2024-10-18,125100.0,Bank Transfer,EMP0051,Paid,0,0,0,0,0,0,0,EMP0051,Vikram Patel,Sales,VP,10000000,0,0.01251
INV000384,PO00329,V0001,Admin,2025-02-04,2025-04-09,95000.0,NEFT/RTGS,EMP0008,paid,0,0,0,0,0,0,0,EMP0008,Vikram Nair,Production,Senior Manager,1500000,0,0.06333333333333334
INV000225,PO00196,V0047,Finance,2024-07-08,2024-08-16,53400.0,Cheque,EMP0056,PAID,0,0,0,0,0,0,0,EMP0056,Pooja Iyer,IT,AVP,3000000,0,0.0178
INV000407,PO00352,V0111,Production,2025-02-05,2025-02-25,61800.0,Cheque,EMP0029,Paid,0,0,0,0,0,0,0,EMP0029,Deepak Chauhan,Admin,Manager,500000,0,0.1236
INV000608,,V0120,HR,2024-05-20,2024-06-28,4900.0,,EMP0003,PAID,0,0,0,1,0,0,0,EMP0003,Amit Reddy,Procurement,Manager,500000,0,0.0098
INV000192,PO00163,V0086,IT,2024-06-25,2024-08-22,170300.0,Cheque,EMP0056,Paid,0,0,0,0,0,0,0,EMP0056,Pooja Iyer,IT,AVP,3000000,0,0.05676666666666667
INV000516,PO00452,V0028,Logistics,2024-06-12,2024-07-21,436600.0,Bank Transfer,EMP0035,Paid,0,0,0,0,0,0,0,EMP0035,Anil Rao,Maintenance,VP,10000000,0,0.04366
INV000217,PO00187,V0042,Procurement,2024-04-25,2024-06-29,30900.0,,EMP0036,paid,0,0,0,0,0,0,0,EMP0036,Sanjay Chauhan,Maintenance,Senior Manager,1500000,0,0.0206
INV000003,PO00002,V0031,Production,2024-05-22,2024-07-01,497400.0,Bank Transfer,EMP0055,Paid,0,0,0,0,0,0,0,EMP0055,Manoj Patel,Quality,Manager,500000,0,0.9948
INV000372,PO00318,V0119,Procurement,2024-11-11,2025-01-05,207700.0,NEFT/RTGS,EMP0036,PAID,0,0,0,0,0,0,0,EMP0036,Sanjay Chauhan,Maintenance,Senior Manager,1500000,0,0.13846666666666665
INV000005,PO00002,V0031,Production,2024-05-31,2024-07-02,4557.0,Cheque,EMP0055,Paid,0,0,0,0,0,0,0,EMP0055,Manoj Patel,Quality,Manager,500000,0,0.009114
INV000205,PO00176,V0056,Logistics,2024-06-03,2024-08-04,56600.0,Cheque,EMP0004,Paid,0,0,0,0,0,0,0,EMP0004,Sameer Chauhan,Admin,Manager,500000,0,0.1132
INV000598,,V0122,Sales,2024-05-14,2024-05-28,19600.0,Bank Transfer,EMP0018,paid,0,0,0,1,0,0,0,EMP0018,Neha Reddy,Sales,Manager,500000,0,0.0392
INV000026,PO00020,V0081,HR,2025-03-29,2025-06-03,1457900.0,Bank Transfer,EMP0036,Paid,0,0,0,0,0,0,0,EMP0036,Sanjay Chauhan,Maintenance,Senior Manager,1500000,0,0.9719333333333333
INV000195,PO00166,V0125,Finance,2024-09-24,2024-10-31,8700.0,,EMP0035,Paid,0,0,0,0,0,0,0,EMP0035,Anil Rao,Maintenance,VP,10000000,0,0.00087
INV000047,PO00038,V0115,IT,2024-11-10,2025-01-01,7700.0,Bank Transfer,EMP0035,paid,0,0,0,0,0,0,0,EMP0035,Anil Rao,Maintenance,VP,10000000,0,0.00077
INV000268,PO00235,V0087,Quality,2025-03-12,2025-05-18,13500.0,Bank Transfer,EMP0031,Paid,0,0,0,0,0,0,0,EMP0031,Anjali Singh,Logistics,Manager,500000,0,0.027
INV000511,PO00449,V0069,Production,2025-03-04,2025-03-19,15200.0,Cheque,EMP0029,paid,0,0,0,0,0,0,0,EMP0029,Deepak Chauhan,Admin,Manager,500000,0,0.0304
INV000610,,V0096,IT,2024-08-15,2024-08-26,35800.0,Cheque,EMP0054,PAID,0,0,0,1,0,0,0,EMP0054,Deepak Singh,Production,AVP,3000000,0,0.011933333333333334
INV000400,PO00344,V0022,Admin,2024-07-21,2024-08-17,9200.0,Bank Transfer,EMP0003,PAID,0,0,0,0,0,0,0,EMP0003,Amit Reddy,Procurement,Manager,500000,0,0.0184
INV000116,PO00097,V0091,Quality,2025-03-01,2025-04-08,37100.0,Bank Transfer,EMP0026,PAID,0,0,0,0,0,0,0,EMP0026,Priya Rao,Procurement,Senior Manager,1500000,0,0.024733333333333333
INV000375,PO00321,V0028,HR,2024-04-13,2024-05-14,20056.0,Cheque,EMP0035,paid,0,0,0,0,0,0,0,EMP0035,Anil Rao,Maintenance,VP,10000000,0,0.0020056
INV000452,PO00395,V0096,Production,2024-08-25,2024-09-24,41100.0,NEFT/RTGS,EMP0054,Paid,0,0,0,0,0,0,0,EMP0054,Deepak Singh,Production,AVP,3000000,0,0.0137
INV000533,PO00470,V0079,Admin,2024-11-30,2025-01-30,46575.0,Bank Transfer,EMP0034,paid,0,0,0,0,0,0,0,EMP0034,Ravi Reddy,HR,AVP,3000000,0,0.015525
INV000332,PO00283,V0067,Sales,2025-03-26,2025-05-20,55400.0,Bank Transfer,EMP0035,paid,0,0,0,0,0,0,0,EMP0035,Anil Rao,Maintenance,VP,10000000,0,0.00554
INV000172,PO00145,V0022,Maintenance,2024-08-25,2024-09-27,22200.0,Bank Transfer,EMP0003,paid,0,0,0,0,0,0,0,EMP0003,Amit Reddy,Procurement,Manager,500000,0,0.0444
INV000018,PO00012,V0043,Admin,2024-12-13,2025-01-18,181800.0,Cheque,EMP0021,Paid,0,0,0,0,0,0,0,EMP0021,Ajay Sharma,Admin,Manager,500000,0,0.3636
INV000133,PO00112,V0057,Maintenance,2025-03-30,2025-05-07,46700.0,Bank Transfer,EMP0026,paid,0,0,0,0,0,0,0,EMP0026,Priya Rao,Procurement,Senior Manager,1500000,0,0.031133333333333332
INV000259,PO00227,V0106,Production,2024-06-20,2024-08-11,34500.0,Bank Transfer,EMP0049,PAID,0,0,0,0,0,0,0,EMP0049,Deepak Malhotra,HR,Manager,500000,0,0.069
INV000319,PO00274,V0103,Maintenance,2025-02-28,2025-04-07,8372.0,Bank Transfer,EMP0008,PAID,0,0,0,0,0,0,0,EMP0008,Vikram Nair,Production,Senior Manager,1500000,0,0.005581333333333333
INV000428,PO00374,V0068,IT,2025-03-02,2025-04-06,738.0,Bank Transfer,EMP0003,PAID,0,0,0,0,0,0,0,EMP0003,Amit Reddy,Procurement,Manager,500000,0,0.001476
INV000103,PO00085,V0084,Production,2024-07-08,2024-08-14,2555.0,Bank Transfer,EMP0008,Paid,0,0,0,0,0,0,0,EMP0008,Vikram Nair,Production,Senior Manager,1500000,0,0.0017033333333333334
INV000282,PO00247,V0088,Finance,2024-10-08,2024-10-20,6786.0,Bank Transfer,EMP0026,Paid,0,0,0,0,0,0,0,EMP0026,Priya Rao,Procurement,Senior Manager,1500000,0,0.004524
INV000597,,V0014,Procurement,2024-07-02,2024-08-09,488500.0,Cheque,EMP0039,Paid,0,0,0,1,0,0,0,EMP0039,Rajesh Iyer,Quality,Manager,500000,0,0.977
INV000163,PO00137,V0046,Sales,2024-07-09,2024-09-12,16800.0,NEFT/RTGS,EMP0035,Paid,0,0,0,0,0,0,0,EMP0035,Anil Rao,Maintenance,VP,10000000,0,0.00168
INV000337,PO00287,V0078,Maintenance,2025-02-16,2025-04-20,111200.0,Bank Transfer,EMP0044,paid,0,0,0,0,0,0,0,EMP0044,Vivek Verma,Maintenance,AVP,3000000,0,0.037066666666666664
INV000276,PO00241,V0031,Logistics,2024-12-27,2025-01-26,77200.0,NEFT/RTGS,EMP0055,Paid,0,0,0,0,0,0,0,EMP0055,Manoj Patel,Quality,Manager,500000,0,0.1544
INV000526,PO00462,V0003,Procurement,2025-03-26,2025-05-04,6600.0,NEFT/RTGS,EMP0048,paid,0,0,0,0,0,0,0,EMP0048,Ravi Joshi,Sales,Manager,500000,0,0.0132
INV000622,,V0106,IT,2024-11-05,2024-11-30,46900.0,Bank Transfer,EMP0049,Paid,0,0,0,1,0,0,0,EMP0049,Deepak Malhotra,HR,Manager,500000,0,0.0938
INV000367,PO00313,V0032,Maintenance,2024-08-22,2024-09-26,105100.0,Bank Transfer,EMP0056,Paid,0,0,0,0,0,0,0,EMP0056,Pooja Iyer,IT,AVP,3000000,0,0.03503333333333333
INV000142,PO00121,V0057,Admin,2024-12-18,2025-01-26,20000.0,Bank Transfer,EMP0026,paid,0,0,0,0,0,0,0,EMP0026,Priya Rao,Procurement,Senior Manager,1500000,0,0.013333333333333334
INV000191,PO00161,V0111,Quality,2024-09-14,2024-09-29,65900.0,Cheque,EMP0029,paid,0,0,0,0,0,0,0,EMP0029,Deepak Chauhan,Admin,Manager,500000,0,0.1318
INV000179,PO00153,V0079,Admin,2024-06-29,2024-09-04,97400.0,Bank Transfer,EMP0034,Paid,0,0,0,0,0,0,0,EMP0034,Ravi Reddy,HR,AVP,3000000,0,0.032466666666666665
INV000085,PO00069,V0085,Production,2024-08-29,2024-10-20,89600.0,Bank Transfer,EMP0003,paid,0,0,0,0,0,0,0,EMP0003,Amit Reddy,Procurement,Manager,500000,0,0.1792
INV000602,,V0119,Quality,2024-05-30,2024-06-07,12800.0,Cheque,EMP0036,Paid,0,0,0,1,0,0,0,EMP0036,Sanjay Chauhan,Maintenance,Senior Manager,1500000,0,0.008533333333333334
INV000045,PO00036,V0024,Admin,2025-03-28,2025-05-07,200000.0,Bank Transfer,EMP0002,paid,0,0,0,0,0,0,0,EMP0002,Varun Gupta,Production,AVP,3000000,0,0.06666666666666667
INV000501,PO00440,V0097,Quality,2024-12-21,2025-01-22,250800.0,NEFT/RTGS,EMP0034,PAID,0,0,0,0,0,0,0,EMP0034,Ravi Reddy,HR,AVP,3000000,0,0.0836
INV000137,PO00116,V0050,Production,2025-03-30,2025-04-19,7252.0,Bank Transfer,EMP0039,Paid,0,0,0,0,0,0,0,EMP0039,Rajesh Iyer,Quality,Manager,500000,0,0.014504
INV000294,PO00256,V0069,Sales,2024-11-25,2024-12-15,200000.0,Cheque,EMP0029,paid,0,0,0,0,0,0,0,EMP0029,Deepak Chauhan,Admin,Manager,500000,0,0.4
INV000495,PO00435,V0026,Quality,2025-02-14,2025-02-28,52300.0,Bank Transfer,EMP0031,PAID,0,0,0,0,0,0,0,EMP0031,Anjali Singh,Logistics,Manager,500000,0,0.1046
INV000136,PO00114,V0117,HR,2024-04-26,2024-06-12,492100.0,Bank Transfer,EMP0009,paid,0,0,0,0,0,0,0,EMP0009,Sameer Gupta,Sales,Manager,500000,0,0.9842
INV000590,PO00516,V0096,HR,2024-09-17,2024-10-18,33800.0,Bank Transfer,EMP0054,paid,0,0,0,0,0,0,0,EMP0054,Deepak Singh,Production,AVP,3000000,0,0.011266666666666666
INV000234,PO00205,V0043,Finance,2024-12-02,2025-01-11,2944.0,Bank Transfer,EMP0021,PAID,0,0,0,0,0,0,0,EMP0021,Ajay Sharma,Admin,Manager,500000,0,0.005888
INV000267,PO00234,V0114,Logistics,2025-03-30,2025-05-09,35900.0,NEFT/RTGS,EMP0051,Paid,0,0,0,0,0,0,0,EMP0051,Vikram Patel,Sales,VP,10000000,0,0.00359
INV000027,PO00020,V0081,HR,2025-03-26,2025-06-01,51552.0,Bank Transfer,EMP0036,paid,0,0,0,0,0,0,0,EMP0036,Sanjay Chauhan,Maintenance,Senior Manager,1500000,0,0.034368
INV000184,PO00157,V0005,Finance,2024-09-10,2024-11-04,8235.0,Bank Transfer,EMP0008,Paid,0,0,0,0,0,0,0,EMP0008,Vikram Nair,Production,Senior Manager,1500000,0,0.00549
INV000363,PO00309,V0097,Admin,2024-08-16,2024-09-13,27400.0,Bank Transfer,EMP0034,PAID,0,0,0,0,0,0,0,EMP0034,Ravi Reddy,HR,AVP,3000000,0,0.009133333333333334
INV000143,PO00122,V0055,Admin,2024-05-31,2024-06-23,45500.0,Bank Transfer,EMP0002,Paid,0,0,0,0,0,0,0,EMP0002,Varun Gupta,Production,AVP,3000000,0,0.015166666666666667
INV000488,PO00428,V0129,Production,2024-09-22,2024-10-25,44000.0,Bank Transfer,EMP0055,paid,0,0,0,0,0,0,0,EMP0055,Manoj Patel,Quality,Manager,500000,0,0.088
INV000350,PO00298,V0080,Sales,2025-02-05,2025-02-23,9701500.0,Bank Transfer,EMP0051,PAID,0,0,0,0,0,0,0,EMP0051,Vikram Patel,Sales,VP,10000000,0,0.97015
INV000408,PO00354,V0072,Finance,2024-11-29,2025-02-03,136600.0,NEFT/RTGS,EMP0030,paid,0,0,0,0,0,0,0,EMP0030,Manoj Malhotra,Maintenance,Junior Officer,100000,1,1.366
INV000641,PO00405,V0017,Maintenance,2025-03-25,2025-04-12,114789.0,Cheque,EMP0021,Paid,0,0,0,0,0,0,0,EMP0021,Ajay Sharma,Admin,Manager,500000,0,0.229578
INV000260,PO00228,V0069,Quality,2024-04-27,2024-05-10,45700.0,Bank Transfer,EMP0029,PAID,0,0,0,0,0,0,0,EMP0029,Deepak Chauhan,Admin,Manager,500000,0,0.0914
INV000044,PO00035,V0099,HR,2025-03-15,2025-05-11,56200.0,Bank Transfer,EMP0046,Paid,0,0,0,0,0,0,0,EMP0046,Nikhil Gupta,Quality,Manager,500000,0,0.1124
INV000579,PO00507,V0087,Procurement,2025-02-08,2025-04-13,174654.0,Bank Transfer,EMP0031,Paid,0,0,0,0,0,0,0,EMP0031,Anjali Singh,Logistics,Manager,500000,0,0.349308
INV000527,PO00463,V0019,Procurement,2025-01-12,2025-03-17,181100.0,Bank Transfer,EMP0021,PAID,0,0,0,0,0,0,0,EMP0021,Ajay Sharma,Admin,Manager,500000,0,0.3622
INV000636,,V0036,Sales,2024-12-09,2024-12-19,134100.0,Cheque,EMP0008,PAID,0,0,0,1,0,0,0,EMP0008,Vikram Nair,Production,Senior Manager,1500000,0,0.0894
INV000125,PO00103,V0064,Finance,2024-06-10,2024-07-05,106500.0,NEFT/RTGS,EMP0046,Paid,0,0,0,0,0,0,0,EMP0046,Nikhil Gupta,Quality,Manager,500000,0,0.213
INV000629,,V0127,Production,2024-11-13,2024-12-04,10500.0,Bank Transfer,EMP0052,Paid,0,0,0,1,0,0,0,EMP0052,Suresh Kapoor,HR,Senior Manager,1500000,0,0.007
INV000351,PO00299,V0074,Admin,2025-03-30,2025-04-29,9700.0,Cheque,EMP0051,Paid,0,0,0,0,0,0,0,EMP0051,Vikram Patel,Sales,VP,10000000,0,0.00097
INV000231,PO00202,V0096,Procurement,2025-02-14,2025-03-23,2969600.0,NEFT/RTGS,EMP0054,Paid,0,0,0,0,0,0,0,EMP0054,Deepak Singh,Production,AVP,3000000,0,0.9898666666666667
INV000006,PO00003,V0105,Quality,2024-11-10,2024-12-20,43400.0,Bank Transfer,EMP0035,Paid,0,0,0,0,0,0,0,EMP0035,Anil Rao,Maintenance,VP,10000000,0,0.00434
INV000262,PO00230,V0018,IT,2025-03-04,2025-04-03,4200.0,NEFT/RTGS,EMP0013,PAID,0,0,0,0,0,0,0,EMP0013,Kavita Iyer,Quality,Senior Manager,1500000,0,0.0028
INV000630,,V0087,Sales,2024-05-08,2024-05-17,340900.0,Cheque,EMP0031,Paid,0,0,0,1,0,0,0,EMP0031,Anjali Singh,Logistics,Manager,500000,0,0.6818
INV000406,PO00351,V0029,Quality,2024-05-09,2024-06-25,15951.0,Bank Transfer,EMP0056,Paid,0,0,0,0,0,0,0,EMP0056,Pooja Iyer,IT,AVP,3000000,0,0.005317
INV000635,PO00239,V0049,Finance,2025-02-16,2025-03-01,6707.0,Bank Transfer,EMP0053,paid,0,0,0,0,0,0,0,EMP0053,Manoj Sharma,Admin,AVP,3000000,0,0.0022356666666666666
INV000626,,V0036,Sales,2024-12-08,2024-12-25,134100.0,Cheque,EMP0008,Paid,0,0,0,1,0,0,0,EMP0008,Vikram Nair,Production,Senior Manager,1500000,0,0.0894
INV000118,PO00099,V0055,Admin,2024-10-23,2024-11-11,6552.0,Bank Transfer,EMP0002,Paid,0,0,0,0,0,0,0,EMP0002,Varun Gupta,Production,AVP,3000000,0,0.002184
INV000308,PO00266,V0052,HR,2024-12-12,2025-02-02,28200.0,Bank Transfer,EMP0055,PAID,0,0,0,0,0,0,0,EMP0055,Manoj Patel,Quality,Manager,500000,0,0.0564
INV000126,PO00104,V0050,Sales,2024-06-30,2024-07-13,30200.0,Bank Transfer,EMP0039,Paid,0,0,0,0,0,0,0,EMP0039,Rajesh Iyer,Quality,Manager,500000,0,0.0604
INV000586,PO00514,V0084,HR,2025-03-26,2025-04-22,18600.0,Bank Transfer,EMP0008,paid,0,0,0,0,0,0,0,EMP0008,Vikram Nair,Production,Senior Manager,1500000,0,0.0124
INV000565,PO00494,V0006,Admin,2024-06-14,2024-08-23,82600.0,NEFT/RTGS,EMP0054,paid,0,0,0,0,0,0,0,EMP0054,Deepak Singh,Production,AVP,3000000,0,0.027533333333333333
INV000296,PO00258,V0085,Production,2024-09-12,2024-10-27,481900.0,Bank Transfer,EMP0003,PAID,0,0,0,0,0,0,0,EMP0003,Amit Reddy,Procurement,Manager,500000,0,0.9638
INV000155,PO00129,V0008,Logistics,2024-10-17,2024-11-13,3400.0,NEFT/RTGS,EMP0031,Paid,0,0,0,0,0,0,0,EMP0031,Anjali Singh,Logistics,Manager,500000,0,0.0068
INV000076,PO00061,V0042,Production,2025-01-26,2025-03-26,17150.0,Bank Transfer,EMP0036,paid,0,0,0,0,0,0,0,EMP0036,Sanjay Chauhan,Maintenance,Senior Manager,1500000,0,0.011433333333333334
INV000174,PO00147,V0067,Production,2025-02-08,2025-04-05,27900.0,Cheque,EMP0035,paid,0,0,0,0,0,0,0,EMP0035,Anil Rao,Maintenance,VP,10000000,0,0.00279
INV000542,PO00477,V0126,Admin,2024-10-11,2024-11-07,29800.0,NEFT/RTGS,EMP0009,Paid,0,0,0,0,0,0,0,EMP0009,Sameer Gupta,Sales,Manager,500000,0,0.0596
INV000052,PO00043,V0102,Sales,2025-03-03,2025-04-06,500000.0,Bank Transfer,EMP0009,Paid,0,0,0,0,0,0,0,EMP0009,Sameer Gupta,Sales,Manager,500000,0,1.0
INV000457,PO00401,V0001,Maintenance,2024-10-28,2024-12-31,62300.0,Bank Transfer,EMP0008,Paid,0,0,0,0,0,0,0,EMP0008,Vikram Nair,Production,Senior Manager,1500000,0,0.04153333333333333
INV000289,PO00251,V0123,Logistics,2024-05-15,2024-05-31,23000.0,Bank Transfer,EMP0046,paid,0,0,0,0,0,0,0,EMP0046,Nikhil Gupta,Quality,Manager,500000,0,0.046
INV000632,PO00384,V0101,Sales,2025-03-27,2025-04-12,40800.0,Bank Transfer,EMP0013,paid,0,0,0,0,0,0,0,EMP0013,Kavita Iyer,Quality,Senior Manager,1500000,0,0.0272
INV000203,PO00175,V0109,HR,2024-07-06,2024-08-19,14235.0,Bank Transfer,EMP0012,Paid,0,0,0,0,0,0,0,EMP0012,Arjun Mehta,Production,VP,10000000,0,0.0014235
INV000306,PO00265,V0074,Procurement,2024-10-21,2024-11-19,1652.0,Bank Transfer,EMP0051,Paid,0,0,0,0,0,0,0,EMP0051,Vikram Patel,Sales,VP,10000000,0,0.0001652
INV000058,PO00048,V0087,IT,2024-04-21,2024-06-22,23700.0,Bank Transfer,EMP0031,paid,0,0,0,0,0,0,0,EMP0031,Anjali Singh,Logistics,Manager,500000,0,0.0474
INV000164,PO00138,V0017,Maintenance,2024-08-13,2024-10-09,70300.0,Cheque,EMP0021,PAID,0,0,0,0,0,0,0,EMP0021,Ajay Sharma,Admin,Manager,500000,0,0.1406
INV000509,PO00447,V0027,Admin,2024-08-12,2024-09-09,74800.0,NEFT/RTGS,EMP0003,paid,0,0,0,0,0,0,0,EMP0003,Amit Reddy,Procurement,Manager,500000,0,0.1496
INV000236,PO00205,V0043,Finance,2024-11-28,2025-01-07,368.0,Bank Transfer,EMP0021,Paid,0,0,0,0,0,0,0,EMP0021,Ajay Sharma,Admin,Manager,500000,0,0.000736
INV000618,,V0111,Production,2025-02-01,2025-02-13,74300.0,Bank Transfer,EMP0029,Paid,0,0,0,1,0,0,0,EMP0029,Deepak Chauhan,Admin,Manager,500000,0,0.1486
INV000605,,V0128,Quality,2024-11-29,2024-12-20,106100.0,Cheque,EMP0010,Paid,0,0,0,1,0,0,0,EMP0010,Suresh Singh,IT,Manager,500000,0,0.2122
INV000572,PO00501,V0048,IT,2025-01-06,2025-03-11,47000.0,Bank Transfer,EMP0063,Paid,0,0,0,0,0,0,0,EMP0063,Rajesh Chauhan,Maintenance,Senior Manager,1500000,0,0.03133333333333333
INV000343,PO00293,V0052,Maintenance,2024-07-27,2024-09-16,94000.0,Bank Transfer,EMP0055,Paid,0,0,0,0,0,0,0,EMP0055,Manoj Patel,Quality,Manager,500000,0,0.188
INV000094,PO00076,V0096,Logistics,2024-06-13,2024-07-22,160200.0,Bank Transfer,EMP0054,Paid,0,0,0,0,0,0,0,EMP0054,Deepak Singh,Production,AVP,3000000,0,0.0534
INV000621,,V0099,Logistics,2024-11-26,2024-12-05,62600.0,Cheque,EMP0046,Paid,0,0,0,1,0,0,0,EMP0046,Nikhil Gupta,Quality,Manager,500000,0,0.1252
INV000302,PO00262,V0046,Sales,2024-06-02,2024-08-10,47272.0,NEFT/RTGS,EMP0035,Paid,0,0,0,0,0,0,0,EMP0035,Anil Rao,Maintenance,VP,10000000,0,0.0047272
INV000514,PO00450,V0098,Sales,2024-12-25,2025-01-09,19720.0,Bank Transfer,EMP0009,Paid,0,0,0,0,0,0,0,EMP0009,Sameer Gupta,Sales,Manager,500000,0,0.03944
INV000149,PO00124,V0103,Quality,2024-11-18,2024-12-26,8180.0,Bank Transfer,EMP0008,paid,0,0,0,0,0,0,0,EMP0008,Vikram Nair,Production,Senior Manager,1500000,0,0.0054533333333333335
INV000503,PO00442,V0028,Quality,2025-01-28,2025-03-03,34400.0,Bank Transfer,EMP0035,Paid,0,0,0,0,0,0,0,EMP0035,Anil Rao,Maintenance,VP,10000000,0,0.00344
INV000250,PO00216,V0109,Procurement,2024-07-04,2024-08-21,5400.0,Bank Transfer,EMP0012,paid,0,0,0,0,0,0,0,EMP0012,Arjun Mehta,Production,VP,10000000,0,0.00054
INV000454,PO00397,V0097,Sales,2025-02-07,2025-03-14,33000.0,Bank Transfer,EMP0034,Paid,0,0,0,0,0,0,0,EMP0034,Ravi Reddy,HR,AVP,3000000,0,0.011
INV000201,PO00172,V0090,Procurement,2024-11-06,2024-12-15,47900.0,Bank Transfer,EMP0054,Paid,0,0,0,0,0,0,0,EMP0054,Deepak Singh,Production,AVP,3000000,0,0.015966666666666667
INV000559,PO00490,V0080,Production,2024-07-16,2024-08-03,58700.0,NEFT/RTGS,EMP0051,paid,0,0,0,0,0,0,0,EMP0051,Vikram Patel,Sales,VP,10000000,0,0.00587
INV000092,PO00074,V0101,Production,2024-07-24,2024-08-24,18700.0,Bank Transfer,EMP0013,paid,0,0,0,0,0,0,0,EMP0013,Kavita Iyer,Quality,Senior Manager,1500000,0,0.012466666666666666
INV000221,PO00192,V0110,IT,2024-09-23,2024-11-20,13300.0,Bank Transfer,EMP0044,Paid,0,0,0,0,0,0,0,EMP0044,Vivek Verma,Maintenance,AVP,3000000,0,0.004433333333333333
INV000029,PO00022,V0037,IT,2025-01-17,2025-02-06,11600.0,Bank Transfer,EMP0004,PAID,0,0,0,0,0,0,0,EMP0004,Sameer Chauhan,Admin,Manager,500000,0,0.0232
INV000390,PO00336,V0028,Sales,2024-08-09,2024-09-15,42500.0,NEFT/RTGS,EMP0035,paid,0,0,0,0,0,0,0,EMP0035,Anil Rao,Maintenance,VP,10000000,0,0.00425
INV000073,PO00059,V0080,HR,2024-06-01,2024-06-14,24400.0,NEFT/RTGS,EMP0051,PAID,0,0,0,0,0,0,0,EMP0051,Vikram Patel,Sales,VP,10000000,0,0.00244
INV000374,PO00320,V0073,Quality,2024-06-15,2024-07-24,105600.0,,EMP0034,Paid,0,0,0,0,0,0,0,EMP0034,Ravi Reddy,HR,AVP,3000000,0,0.0352
INV000444,PO00387,V0043,HR,2024-05-02,2024-05-30,39754.0,NEFT/RTGS,EMP0021,Paid,0,0,0,0,0,0,0,EMP0021,Ajay Sharma,Admin,Manager,500000,0,0.079508
INV000438,PO00381,V0024,Sales,2024-09-18,2024-10-22,50000.0,Bank Transfer,EMP0002,Paid,0,0,0,0,0,0,0,EMP0002,Varun Gupta,Production,AVP,3000000,0,0.016666666666666666
INV000412,PO00358,V0113,Procurement,2025-02-23,2025-03-28,59900.0,Bank Transfer,EMP0046,PAID,0,0,0,0,0,0,0,EMP0046,Nikhil Gupta,Quality,Manager,500000,0,0.1198
INV000566,PO00495,V0119,Sales,2025-01-30,2025-03-17,6000.0,NEFT/RTGS,EMP0036,PAID,0,0,0,0,0,0,0,EMP0036,Sanjay Chauhan,Maintenance,Senior Manager,1500000,0,0.004
INV000183,PO00156,V0035,Logistics,2024-04-29,2024-05-26,16275.0,Bank Transfer,EMP0056,PAID,0,0,0,0,0,0,0,EMP0056,Pooja Iyer,IT,AVP,3000000,0,0.005425
INV000365,PO00311,V0074,Finance,2024-10-23,2024-11-20,42000.0,Bank Transfer,EMP0051,Paid,0,0,0,0,0,0,0,EMP0051,Vikram Patel,Sales,VP,10000000,0,0.0042
INV000507,PO00446,V0127,Production,2024-06-27,2024-07-30,16541.0,,EMP0052,Paid,0,0,0,0,0,0,0,EMP0052,Suresh Kapoor,HR,Senior Manager,1500000,0,0.011027333333333333
INV000342,PO00292,V0090,Admin,2025-03-29,2025-05-01,31500.0,NEFT/RTGS,EMP0054,paid,0,0,0,0,0,0,0,EMP0054,Deepak Singh,Production,AVP,3000000,0,0.0105
INV000591,PO00517,V0125,IT,2025-02-04,2025-03-07,100700.0,Bank Transfer,EMP0035,paid,0,0,0,0,0,0,0,EMP0035,Anil Rao,Maintenance,VP,10000000,0,0.01007
INV000410,PO00356,V0125,Production,2025-03-30,2025-05-03,135600.0,Bank Transfer,EMP0035,Paid,0,0,0,0,0,0,0,EMP0035,Anil Rao,Maintenance,VP,10000000,0,0.01356
INV000508,PO00446,V0127,Production,2024-06-27,2024-07-29,80759.0,Bank Transfer,EMP0052,paid,0,0,0,0,0,0,0,EMP0052,Suresh Kapoor,HR,Senior Manager,1500000,0,0.053839333333333336
INV000462,PO00404,V0074,Admin,2024-10-12,2024-11-21,17934.0,Cheque,EMP0051,Paid,0,0,0,0,0,0,0,EMP0051,Vikram Patel,Sales,VP,10000000,0,0.0017934
INV000345,PO00295,V0118,Quality,2025-03-26,2025-04-30,64000.0,Bank Transfer,EMP0026,PAID,0,0,0,0,0,0,0,EMP0026,Priya Rao,Procurement,Senior Manager,1500000,0,0.042666666666666665
INV000081,PO00065,V0121,Procurement,2024-07-14,2024-08-03,147800.0,Bank Transfer,EMP0049,Paid,0,0,0,0,0,0,0,EMP0049,Deepak Malhotra,HR,Manager,500000,0,0.2956
INV000388,PO00333,V0089,Admin,2025-03-15,2025-04-04,259300.0,Bank Transfer,EMP0053,Paid,0,0,0,0,0,0,0,EMP0053,Manoj Sharma,Admin,AVP,3000000,0,0.08643333333333333
INV000539,PO00475,V0123,Quality,2024-12-14,2025-01-01,100000.0,NEFT/RTGS,EMP0046,Paid,0,0,0,0,0,0,0,EMP0046,Nikhil Gupta,Quality,Manager,500000,0,0.2
INV000064,PO00052,V0024,Quality,2024-11-09,2024-12-08,650.0,Bank Transfer,EMP0002,Paid,0,0,0,0,0,0,0,EMP0002,Varun Gupta,Production,AVP,3000000,0,0.00021666666666666666
INV000062,PO00051,V0075,Finance,2024-05-18,2024-07-07,62000.0,Cheque,EMP0031,paid,0,0,0,0,0,0,0,EMP0031,Anjali Singh,Logistics,Manager,500000,0,0.124
INV000279,PO00244,V0089,Admin,2024-05-01,2024-05-24,2968300.0,Cheque,EMP0053,Paid,0,0,0,0,0,0,0,EMP0053,Manoj Sharma,Admin,AVP,3000000,0,0.9894333333333334
INV000578,PO00507,V0087,Procurement,2025-02-16,2025-04-26,13146.0,Cheque,EMP0031,Paid,0,0,0,0,0,0,0,EMP0031,Anjali Singh,Logistics,Manager,500000,0,0.026292
INV000435,PO00378,V0044,Maintenance,2024-06-14,2024-08-05,382.0,Cheque,EMP0049,Paid,0,0,0,0,0,0,0,EMP0049,Deepak Malhotra,HR,Manager,500000,0,0.000764
INV000280,PO00245,V0116,HR,2025-03-30,2025-04-17,16000.0,Bank Transfer,EMP0008,paid,0,0,0,0,0,0,0,EMP0008,Vikram Nair,Production,Senior Manager,1500000,0,0.010666666666666666
INV000537,PO00474,V0052,Production,2025-03-27,2025-05-19,88100.0,Bank Transfer,EMP0055,paid,0,0,0,0,0,0,0,EMP0055,Manoj Patel,Quality,Manager,500000,0,0.1762
INV000460,PO00403,V0021,Production,2025-01-01,2025-02-23,6603.0,Bank Transfer,EMP0052,Paid,0,0,0,0,0,0,0,EMP0052,Suresh Kapoor,HR,Senior Manager,1500000,0,0.004402
INV000187,PO00159,V0066,Maintenance,2024-10-19,2024-11-13,17800.0,Bank Transfer,EMP0003,paid,0,0,0,0,0,0,0,EMP0003,Amit Reddy,Procurement,Manager,500000,0,0.0356
INV000009,PO00005,V0098,Admin,2025-03-07,2025-03-31,9200.0,Bank Transfer,EMP0009,PAID,0,0,0,0,0,0,0,EMP0009,Sameer Gupta,Sales,Manager,500000,0,0.0184
INV000086,PO00070,V0024,Sales,2024-11-09,2024-12-14,21880.0,Cheque,EMP0002,Paid,0,0,0,0,0,0,0,EMP0002,Varun Gupta,Production,AVP,3000000,0,0.007293333333333333
INV000455,PO00398,V0095,Maintenance,2025-02-11,2025-03-11,96700.0,NEFT/RTGS,EMP0004,paid,0,0,0,0,0,0,0,EMP0004,Sameer Chauhan,Admin,Manager,500000,0,0.1934
INV000317,PO00273,V0057,Production,2024-11-14,2024-12-21,17000.0,Bank Transfer,EMP0026,paid,0,0,0,0,0,0,0,EMP0026,Priya Rao,Procurement,Senior Manager,1500000,0,0.011333333333333334
INV000627,,V0103,Production,2024-07-01,2024-08-06,54800.0,Bank Transfer,EMP0008,Paid,0,0,0,1,0,0,0,EMP0008,Vikram Nair,Production,Senior Manager,1500000,0,0.036533333333333334
INV000541,PO00476,V0111,Admin,2024-07-31,2024-08-17,77900.0,Bank Transfer,EMP0029,Paid,0,0,0,0,0,0,0,EMP0029,Deepak Chauhan,Admin,Manager,500000,0,0.1558
INV000097,PO00080,V0109,HR,2024-07-14,2024-09-02,33100.0,Bank Transfer,EMP0012,paid,0,0,0,0,0,0,0,EMP0012,Arjun Mehta,Production,VP,10000000,0,0.00331
INV000314,PO00271,V0055,Production,2025-03-29,2025-04-23,15192.0,Cheque,EMP0002,PAID,0,0,0,0,0,0,0,EMP0002,Varun Gupta,Production,AVP,3000000,0,0.005064
INV000157,PO00131,V0019,HR,2024-08-22,2024-11-02,35900.0,Cheque,EMP0021,PAID,0,0,0,0,0,0,0,EMP0021,Ajay Sharma,Admin,Manager,500000,0,0.0718
INV000604,,V0104,Finance,2024-12-29,2025-01-17,10200.0,Cheque,EMP0029,PAID,0,0,0,1,0,0,0,EMP0029,Deepak Chauhan,Admin,Manager,500000,0,0.0204
INV000560,PO00491,V0041,HR,2024-11-16,2025-01-03,59976.0,Bank Transfer,EMP0046,paid,0,0,0,0,0,0,0,EMP0046,Nikhil Gupta,Quality,Manager,500000,0,0.119952
INV000122,PO00102,V0045,Sales,2025-03-29,2025-04-10,1290.0,Cheque,EMP0010,paid,0,0,0,0,0,0,0,EMP0010,Suresh Singh,IT,Manager,500000,0,0.00258
INV000585,PO00513,V0028,Production,2024-09-09,2024-10-13,46500.0,Bank Transfer,EMP0035,Paid,0,0,0,0,0,0,0,EMP0035,Anil Rao,Maintenance,VP,10000000,0,0.00465
INV000212,PO00183,V0096,Finance,2024-11-09,2024-12-14,48400.0,Bank Transfer,EMP0054,paid,0,0,0,0,0,0,0,EMP0054,Deepak Singh,Production,AVP,3000000,0,0.016133333333333333
INV000564,PO00493,V0098,Procurement,2025-01-16,2025-01-28,17700.0,Cheque,EMP0009,Paid,0,0,0,0,0,0,0,EMP0009,Sameer Gupta,Sales,Manager,500000,0,0.0354
INV000449,PO00391,V0115,IT,2024-10-18,2024-11-30,121300.0,Bank Transfer,EMP0035,Paid,0,0,0,0,0,0,0,EMP0035,Anil Rao,Maintenance,VP,10000000,0,0.01213
INV000569,PO00498,V0059,Sales,2024-11-21,2024-12-14,20000.0,Bank Transfer,EMP0018,paid,0,0,0,0,0,0,0,EMP0018,Neha Reddy,Sales,Manager,500000,0,0.04
INV000165,PO00139,V0044,Finance,2024-09-16,2024-11-03,263300.0,NEFT/RTGS,EMP0049,paid,0,0,0,0,0,0,0,EMP0049,Deepak Malhotra,HR,Manager,500000,0,0.5266
INV000595,PO00520,V0061,Maintenance,2024-08-26,2024-10-04,100000.0,NEFT/RTGS,EMP0029,Paid,0,0,0,0,0,0,0,EMP0029,Deepak Chauhan,Admin,Manager,500000,0,0.2
INV000339,PO00289,V0090,Quality,2024-12-08,2025-01-07,38800.0,Bank Transfer,EMP0054,PAID,0,0,0,0,0,0,0,EMP0054,Deepak Singh,Production,AVP,3000000,0,0.012933333333333333
INV000394,PO00338,V0072,Finance,2024-06-10,2024-08-07,5792.0,Bank Transfer,EMP0030,PAID,0,0,0,0,0,0,0,EMP0030,Manoj Malhotra,Maintenance,Junior Officer,100000,0,0.05792
INV000235,PO00205,V0043,Finance,2024-12-03,2025-01-05,33488.0,Cheque,EMP0021,paid,0,0,0,0,0,0,0,EMP0021,Ajay Sharma,Admin,Manager,500000,0,0.066976
INV000470,PO00410,V0056,IT,2024-06-01,2024-08-08,27700.0,Cheque,EMP0004,paid,0,0,0,0,0,0,0,EMP0004,Sameer Chauhan,Admin,Manager,500000,0,0.0554
INV000180,PO00154,V0046,Sales,2024-05-25,2024-07-28,32900.0,Cheque,EMP0035,paid,0,0,0,0,0,0,0,EMP0035,Anil Rao,Maintenance,VP,10000000,0,0.00329
INV000625,,V0117,Logistics,2024-08-14,2024-08-30,32900.0,Bank Transfer,EMP0009,Paid,0,0,0,1,0,0,0,EMP0009,Sameer Gupta,Sales,Manager,500000,0,0.0658
INV000309,PO00268,V0110,Production,2024-07-01,2024-08-30,115656.0,Bank Transfer,EMP0044,Paid,0,0,0,0,0,0,0,EMP0044,Vivek Verma,Maintenance,AVP,3000000,0,0.038552
INV000070,PO00056,V0124,Logistics,2024-06-27,2024-09-04,15400.0,Bank Transfer,EMP0008,Paid,0,0,0,0,0,0,0,EMP0008,Vikram Nair,Production,Senior Manager,1500000,0,0.010266666666666667
INV000272,PO00239,V0049,Finance,2025-02-15,2025-04-24,6707.0,Bank Transfer,EMP0053,Paid,0,0,0,0,0,0,0,EMP0053,Manoj Sharma,Admin,AVP,3000000,0,0.0022356666666666666
INV000614,,V0050,Production,2024-04-07,2024-05-08,23400.0,Bank Transfer,EMP0039,PAID,0,0,0,1,0,0,0,EMP0039,Rajesh Iyer,Quality,Manager,500000,0,0.0468
INV000024,PO00018,V0109,Sales,2024-08-24,2024-10-08,26200.0,Bank Transfer,EMP0012,paid,0,0,0,0,0,0,0,EMP0012,Arjun Mehta,Production,VP,10000000,0,0.00262
INV000466,PO00406,V0046,Quality,2025-01-09,2025-03-07,18000.0,Bank Transfer,EMP0035,Paid,0,0,0,0,0,0,0,EMP0035,Anil Rao,Maintenance,VP,10000000,0,0.0018
INV000293,PO00255,V0073,Production,2024-08-29,2024-09-28,56300.0,Bank Transfer,EMP0034,Paid,0,0,0,0,0,0,0,EMP0034,Ravi Reddy,HR,AVP,3000000,0,0.018766666666666668
INV000439,PO00383,V0129,HR,2024-12-03,2025-01-12,41300.0,Bank Transfer,EMP0055,PAID,0,0,0,0,0,0,0,EMP0055,Manoj Patel,Quality,Manager,500000,0,0.0826
INV000611,,V0025,Sales,2024-11-23,2024-12-13,21900.0,Bank Transfer,EMP0036,Paid,0,0,0,1,0,0,0,EMP0036,Sanjay Chauhan,Maintenance,Senior Manager,1500000,0,0.0146
INV000059,PO00049,V0094,Production,2024-09-02,2024-09-25,138000.0,Bank Transfer,EMP0049,Paid,0,0,0,0,0,0,0,EMP0049,Deepak Malhotra,HR,Manager,500000,0,0.276
INV000568,PO00497,V0070,Maintenance,2025-02-19,2025-04-02,87500.0,Bank Transfer,EMP0039,PAID,0,0,0,0,0,0,0,EMP0039,Rajesh Iyer,Quality,Manager,500000,0,0.175
INV000080,PO00064,V0058,Quality,2025-03-26,2025-06-04,25500.0,Cheque,EMP0031,Paid,0,0,0,0,0,0,0,EMP0031,Anjali Singh,Logistics,Manager,500000,0,0.051
INV000266,PO00233,V0125,IT,2024-12-19,2025-01-24,457600.0,Bank Transfer,EMP0035,PAID,0,0,0,0,0,0,0,EMP0035,Anil Rao,Maintenance,VP,10000000,0,0.04576
INV000322,PO00276,V0124,Maintenance,2024-11-29,2025-01-31,8400.0,Bank Transfer,EMP0008,paid,0,0,0,0,0,0,0,EMP0008,Vikram Nair,Production,Senior Manager,1500000,0,0.0056
INV000478,PO00419,V0041,Maintenance,2024-11-09,2024-12-29,48300.0,Bank Transfer,EMP0046,Paid,0,0,0,0,0,0,0,EMP0046,Nikhil Gupta,Quality,Manager,500000,0,0.0966
INV000512,PO00450,V0098,Sales,2024-12-22,2025-01-10,31552.0,Cheque,EMP0009,Paid,0,0,0,0,0,0,0,EMP0009,Sameer Gupta,Sales,Manager,500000,0,0.063104
INV000093,PO00075,V0086,Quality,2024-08-10,2024-10-06,2947900.0,Bank Transfer,EMP0056,paid,0,0,0,0,0,0,0,EMP0056,Pooja Iyer,IT,AVP,3000000,0,0.9826333333333334
INV000596,,V0058,Maintenance,2024-06-29,2024-07-20,67700.0,Cheque,EMP0031,Paid,0,0,0,1,0,0,0,EMP0031,Anjali Singh,Logistics,Manager,500000,0,0.1354
INV000474,PO00415,V0113,Admin,2025-03-26,2025-04-27,78100.0,,EMP0046,Paid,0,0,0,0,0,0,0,EMP0046,Nikhil Gupta,Quality,Manager,500000,0,0.1562
INV000616,,V0078,Maintenance,2024-08-24,2024-09-14,71100.0,Bank Transfer,EMP0044,paid,0,0,0,1,0,0,0,EMP0044,Vivek Verma,Maintenance,AVP,3000000,0,0.0237
INV000148,PO00124,V0103,Quality,2024-11-21,2024-12-28,14724.0,Cheque,EMP0008,paid,0,0,0,0,0,0,0,EMP0008,Vikram Nair,Production,Senior Manager,1500000,0,0.009816
INV000252,PO00218,V0038,Procurement,2024-08-24,2024-10-02,29300.0,Bank Transfer,EMP0063,PAID,0,0,0,0,0,0,0,EMP0063,Rajesh Chauhan,Maintenance,Senior Manager,1500000,0,0.019533333333333333
INV000213,PO00184,V0122,Procurement,2024-11-06,2024-12-03,24800.0,Cheque,EMP0018,Paid,0,0,0,0,0,0,0,EMP0018,Neha Reddy,Sales,Manager,500000,0,0.0496
INV000531,PO00467,V0031,Admin,2024-09-04,2024-10-13,17700.0,Bank Transfer,EMP0055,paid,0,0,0,0,0,0,0,EMP0055,Manoj Patel,Quality,Manager,500000,0,0.0354
INV000502,PO00441,V0077,Sales,2024-11-17,2025-01-20,57700.0,Bank Transfer,EMP0004,PAID,0,0,0,0,0,0,0,EMP0004,Sameer Chauhan,Admin,Manager,500000,0,0.1154
INV000277,PO00242,V0032,Logistics,2024-11-25,2025-01-03,85100.0,Cheque,EMP0056,Paid,0,0,0,0,0,0,0,EMP0056,Pooja Iyer,IT,AVP,3000000,0,0.028366666666666665
INV000477,PO00418,V0121,Production,2025-02-07,2025-02-19,13700.0,Bank Transfer,EMP0049,paid,0,0,0,0,0,0,0,EMP0049,Deepak Malhotra,HR,Manager,500000,0,0.0274
INV000637,PO00249,V0119,Quality,2024-05-03,2024-05-19,3808.0,Bank Transfer,EMP0036,paid,0,0,0,0,0,0,0,EMP0036,Sanjay Chauhan,Maintenance,Senior Manager,1500000,0,0.0025386666666666665
INV000393,PO00338,V0072,Finance,2024-06-15,2024-08-12,96700.0,NEFT/RTGS,EMP0030,Paid,0,0,0,0,0,0,0,EMP0030,Manoj Malhotra,Maintenance,Junior Officer,100000,0,0.967
INV000013,PO00008,V0015,Admin,2025-02-04,2025-03-16,62200.0,Bank Transfer,EMP0008,paid,0,0,0,0,0,0,0,EMP0008,Vikram Nair,Production,Senior Manager,1500000,0,0.041466666666666666
INV000304,PO00264,V0060,Logistics,2025-03-17,2025-04-06,8500.0,Bank Transfer,EMP0018,paid,0,0,0,0,0,0,0,EMP0018,Neha Reddy,Sales,Manager,500000,0,0.017
INV000498,PO00438,V0049,IT,2025-03-27,2025-05-26,45000.0,Bank Transfer,EMP0053,paid,0,0,0,0,0,0,0,EMP0053,Manoj Sharma,Admin,AVP,3000000,0,0.015
INV000552,PO00485,V0021,Logistics,2024-07-19,2024-09-01,48100.0,Bank Transfer,EMP0052,PAID,0,0,0,0,0,0,0,EMP0052,Suresh Kapoor,HR,Senior Manager,1500000,0,0.03206666666666667
INV000601,,V0062,Procurement,2025-01-21,2025-02-17,38100.0,Cheque,EMP0036,PAID,0,0,0,1,0,0,0,EMP0036,Sanjay Chauhan,Maintenance,Senior Manager,1500000,0,0.0254
INV000325,PO00277,V0100,Finance,2024-06-15,2024-07-13,56306.0,NEFT/RTGS,EMP0031,Paid,0,0,0,0,0,0,0,EMP0031,Anjali Singh,Logistics,Manager,500000,0,0.112612
INV000261,PO00229,V0092,HR,2024-10-16,2024-11-03,28500.0,Bank Transfer,EMP0009,Paid,0,0,0,0,0,0,0,EMP0009,Sameer Gupta,Sales,Manager,500000,0,0.057
INV000545,PO00478,V0024,Finance,2024-07-06,2024-08-05,4446.0,NEFT/RTGS,EMP0002,Paid,0,0,0,0,0,0,0,EMP0002,Varun Gupta,Production,AVP,3000000,0,0.001482
INV000055,PO00045,V0102,Maintenance,2024-05-29,2024-07-05,275800.0,Cheque,EMP0009,Paid,0,0,0,0,0,0,0,EMP0009,Sameer Gupta,Sales,Manager,500000,0,0.5516
INV000571,PO00500,V0123,Production,2025-01-04,2025-01-18,28400.0,NEFT/RTGS,EMP0046,Paid,0,0,0,0,0,0,0,EMP0046,Nikhil Gupta,Quality,Manager,500000,0,0.0568
INV000151,PO00126,V0056,Maintenance,2024-05-15,2024-07-19,29484.0,NEFT/RTGS,EMP0004,paid,0,0,0,0,0,0,0,EMP0004,Sameer Chauhan,Admin,Manager,500000,0,0.058968
INV000398,PO00341,V0005,Procurement,2025-01-09,2025-03-01,91800.0,Cheque,EMP0008,PAID,0,0,0,0,0,0,0,EMP0008,Vikram Nair,Production,Senior Manager,1500000,0,0.0612
INV000574,PO00503,V0002,Sales,2025-01-24,2025-03-25,76600.0,Bank Transfer,EMP0026,paid,0,0,0,0,0,0,0,EMP0026,Priya Rao,Procurement,Senior Manager,1500000,0,0.05106666666666667
INV000417,PO00361,V0119,Logistics,2024-09-22,2024-11-10,84500.0,Bank Transfer,EMP0036,Paid,0,0,0,0,0,0,0,EMP0036,Sanjay Chauhan,Maintenance,Senior Manager,1500000,0,0.05633333333333333
INV000107,PO00089,V0012,Logistics,2025-01-24,2025-03-13,22800.0,NEFT/RTGS,EMP0044,paid,0,0,0,0,0,0,0,EMP0044,Vivek Verma,Maintenance,AVP,3000000,0,0.0076
INV000232,PO00203,V0060,Procurement,2025-03-13,2025-04-05,18100.0,Bank Transfer,EMP0018,PAID,0,0,0,0,0,0,0,EMP0018,Neha Reddy,Sales,Manager,500000,0,0.0362
INV000371,PO00317,V0083,Admin,2024-07-04,2024-09-04,15800.0,Bank Transfer,EMP0004,Paid,0,0,0,0,0,0,0,EMP0004,Sameer Chauhan,Admin,Manager,500000,0,0.0316
INV000238,PO00206,V0068,IT,2025-02-08,2025-03-19,11592.0,Bank Transfer,EMP0003,Paid,0,0,0,0,0,0,0,EMP0003,Amit Reddy,Procurement,Manager,500000,0,0.023184
INV000480,PO00421,V0125,Sales,2024-12-25,2025-01-26,70900.0,NEFT/RTGS,EMP0035,PAID,0,0,0,0,0,0,0,EMP0035,Anil Rao,Maintenance,VP,10000000,0,0.00709
INV000025,PO00019,V0107,HR,2025-03-28,2025-05-07,151200.0,Bank Transfer,EMP0049,paid,0,0,0,0,0,0,0,EMP0049,Deepak Malhotra,HR,Manager,500000,0,0.3024
INV000300,PO00261,V0027,Admin,2025-02-09,2025-03-13,634000.0,NEFT/RTGS,EMP0003,PAID,0,0,0,0,0,0,0,EMP0003,Amit Reddy,Procurement,Manager,500000,1,1.268
INV000440,PO00384,V0101,Sales,2025-03-26,2025-05-03,40800.0,Bank Transfer,EMP0013,PAID,0,0,0,0,0,0,0,EMP0013,Kavita Iyer,Quality,Senior Manager,1500000,0,0.0272
INV000327,PO00279,V0093,Logistics,2024-12-18,2025-02-02,286500.0,,EMP0051,paid,0,0,0,0,0,0,0,EMP0051,Vikram Patel,Sales,VP,10000000,0,0.02865
INV000494,PO00434,V0107,Admin,2024-06-29,2024-08-07,132500.0,Cheque,EMP0049,PAID,0,0,0,0,0,0,0,EMP0049,Deepak Malhotra,HR,Manager,500000,0,0.265
INV000522,PO00458,V0061,Quality,2024-12-03,2025-01-04,91600.0,Bank Transfer,EMP0029,PAID,0,0,0,0,0,0,0,EMP0029,Deepak Chauhan,Admin,Manager,500000,0,0.1832
INV000083,PO00067,V0119,Admin,2024-11-18,2025-01-08,20900.0,NEFT/RTGS,EMP0036,paid,0,0,0,0,0,0,0,EMP0036,Sanjay Chauhan,Maintenance,Senior Manager,1500000,0,0.013933333333333334
INV000543,PO00478,V0024,Finance,2024-07-07,2024-08-16,35568.0,Bank Transfer,EMP0002,Paid,0,0,0,0,0,0,0,EMP0002,Varun Gupta,Production,AVP,3000000,0,0.011856
INV000358,PO00304,V0018,IT,2025-03-29,2025-05-07,30400.0,Bank Transfer,EMP0013,paid,0,0,0,0,0,0,0,EMP0013,Kavita Iyer,Quality,Senior Manager,1500000,0,0.020266666666666665
INV000554,PO00486,V0031,Maintenance,2024-04-14,2024-05-25,34888.0,Bank Transfer,EMP0055,Paid,0,0,0,0,0,0,0,EMP0055,Manoj Patel,Quality,Manager,500000,0,0.069776
INV000381,PO00326,V0034,HR,2024-06-03,2024-07-12,190900.0,Cheque,EMP0044,paid,0,0,0,0,0,0,0,EMP0044,Vivek Verma,Maintenance,AVP,3000000,0,0.06363333333333333
INV000593,PO00519,V0059,Maintenance,2024-07-27,2024-08-10,86900.0,Cheque,EMP0018,Paid,0,0,0,0,0,0,0,EMP0018,Neha Reddy,Sales,Manager,500000,0,0.1738
INV000102,PO00085,V0084,Production,2024-07-06,2024-08-03,6132.0,Bank Transfer,EMP0008,paid,0,0,0,0,0,0,0,EMP0008,Vikram Nair,Production,Senior Manager,1500000,0,0.004088
INV000380,PO00325,V0032,Sales,2025-01-01,2025-02-10,153500.0,Bank Transfer,EMP0056,Paid,0,0,0,0,0,0,0,EMP0056,Pooja Iyer,IT,AVP,3000000,0,0.051166666666666666
INV000077,PO00062,V0038,Sales,2025-02-14,2025-03-26,59700.0,Bank Transfer,EMP0063,paid,0,0,0,0,0,0,0,EMP0063,Rajesh Chauhan,Maintenance,Senior Manager,1500000,0,0.0398
INV000389,PO00334,V0072,Procurement,2025-01-22,2025-03-22,97300.0,Bank Transfer,EMP0030,Paid,0,0,0,0,0,0,0,EMP0030,Manoj Malhotra,Maintenance,Junior Officer,100000,0,0.973
INV000292,PO00254,V0052,Finance,2025-02-02,2025-03-29,60384.0,Bank Transfer,EMP0055,PAID,0,0,0,0,0,0,0,EMP0055,Manoj Patel,Quality,Manager,500000,0,0.120768
INV000283,PO00247,V0088,Finance,2024-10-10,2024-10-25,106314.0,Bank Transfer,EMP0026,Paid,0,0,0,0,0,0,0,EMP0026,Priya Rao,Procurement,Senior Manager,1500000,0,0.070876
INV000534,PO00471,V0114,HR,2024-07-25,2024-08-30,88200.0,Bank Transfer,EMP0051,PAID,0,0,0,0,0,0,0,EMP0051,Vikram Patel,Sales,VP,10000000,0,0.00882
INV000464,PO00405,V0017,Maintenance,2025-03-15,2025-05-18,23511.0,Bank Transfer,EMP0021,PAID,0,0,0,0,0,0,0,EMP0021,Ajay Sharma,Admin,Manager,500000,0,0.047022
INV000113,PO00095,V0097,Procurement,2024-06-17,2024-07-16,6700.0,Bank Transfer,EMP0034,paid,0,0,0,0,0,0,0,EMP0034,Ravi Reddy,HR,AVP,3000000,0,0.0022333333333333333
INV000505,PO00444,V0031,Sales,2025-02-19,2025-03-22,35500.0,Bank Transfer,EMP0055,PAID,0,0,0,0,0,0,0,EMP0055,Manoj Patel,Quality,Manager,500000,0,0.071
INV000481,PO00422,V0053,Quality,2024-12-26,2025-01-18,4900.0,Bank Transfer,EMP0063,Paid,0,0,0,0,0,0,0,EMP0063,Rajesh Chauhan,Maintenance,Senior Manager,1500000,0,0.003266666666666667
INV000247,PO00213,V0003,Maintenance,2024-12-29,2025-01-27,112200.0,Bank Transfer,EMP0048,PAID,0,0,0,0,0,0,0,EMP0048,Ravi Joshi,Sales,Manager,500000,0,0.2244
INV000146,PO00123,V0122,IT,2024-05-19,2024-06-25,11017.0,Cheque,EMP0018,Paid,0,0,0,0,0,0,0,EMP0018,Neha Reddy,Sales,Manager,500000,0,0.022034
INV000284,PO00248,V0069,Sales,2025-02-14,2025-03-02,132600.0,,EMP0029,paid,0,0,0,0,0,0,0,EMP0029,Deepak Chauhan,Admin,Manager,500000,0,0.2652
INV000426,PO00373,V0092,Quality,2024-07-18,2024-08-10,1454.0,Bank Transfer,EMP0009,Paid,0,0,0,0,0,0,0,EMP0009,Sameer Gupta,Sales,Manager,500000,0,0.002908
INV000609,,V0105,HR,2025-02-07,2025-03-01,33600.0,Cheque,EMP0035,Paid,0,0,0,1,0,0,0,EMP0035,Anil Rao,Maintenance,VP,10000000,0,0.00336
INV000111,PO00093,V0112,Logistics,2024-06-22,2024-07-30,201300.0,,EMP0021,PAID,0,0,0,0,0,0,0,EMP0021,Ajay Sharma,Admin,Manager,500000,0,0.4026
INV000624,,V0090,Procurement,2024-10-16,2024-11-11,400000.0,Cheque,EMP0054,Paid,0,0,0,1,0,0,0,EMP0054,Deepak Singh,Production,AVP,3000000,0,0.13333333333333333
INV000091,PO00073,V0122,Sales,2024-09-01,2024-10-06,58400.0,Cheque,EMP0018,Paid,0,0,0,0,0,0,0,EMP0018,Neha Reddy,Sales,Manager,500000,0,0.1168
INV000206,PO00177,V0124,Quality,2025-03-15,2025-05-24,30200.0,Bank Transfer,EMP0008,Paid,0,0,0,0,0,0,0,EMP0008,Vikram Nair,Production,Senior Manager,1500000,0,0.020133333333333333
INV000171,PO00144,V0070,HR,2024-11-01,2024-12-22,57000.0,Bank Transfer,EMP0039,PAID,0,0,0,0,0,0,0,EMP0039,Rajesh Iyer,Quality,Manager,500000,0,0.114
INV000110,PO00092,V0050,Admin,2025-02-17,2025-03-10,147800.0,Bank Transfer,EMP0039,Paid,0,0,0,0,0,0,0,EMP0039,Rajesh Iyer,Quality,Manager,500000,0,0.2956
INV000233,PO00204,V0107,Production,2025-03-30,2025-05-08,70200.0,Bank Transfer,EMP0049,Paid,0,0,0,0,0,0,0,EMP0049,Deepak Malhotra,HR,Manager,500000,0,0.1404
INV000057,PO00047,V0112,HR,2025-03-29,2025-04-30,154400.0,Bank Transfer,EMP0021,PAID,0,0,0,0,0,0,0,EMP0021,Ajay Sharma,Admin,Manager,500000,0,0.3088
INV000405,PO00351,V0029,Quality,2024-05-06,2024-06-28,-24949.0,Bank Transfer,EMP0056,PAID,0,1,0,0,0,0,0,EMP0056,Pooja Iyer,IT,AVP,3000000,0,-0.008316333333333334
INV000242,PO00208,V0079,Procurement,2025-03-29,2025-05-27,11033.0,Bank Transfer,EMP0034,Paid,0,0,0,0,0,0,0,EMP0034,Ravi Reddy,HR,AVP,3000000,0,0.0036776666666666668
INV000088,PO00070,V0024,Sales,2024-11-03,2024-12-07,16957.0,NEFT/RTGS,EMP0002,PAID,0,0,0,0,0,0,0,EMP0002,Varun Gupta,Production,AVP,3000000,0,0.005652333333333333
INV000347,PO00297,V0095,Admin,2024-10-15,2024-11-14,11004.0,NEFT/RTGS,EMP0004,PAID,0,0,0,0,0,0,0,EMP0004,Sameer Chauhan,Admin,Manager,500000,0,0.022008
INV000098,PO00082,V0035,IT,2024-05-10,2024-06-12,144000.0,Bank Transfer,EMP0056,Paid,0,0,0,0,0,0,0,EMP0056,Pooja Iyer,IT,AVP,3000000,0,0.048
INV000561,PO00491,V0041,HR,2024-11-16,2025-01-10,139944.0,Bank Transfer,EMP0046,paid,0,0,0,0,0,0,0,EMP0046,Nikhil Gupta,Quality,Manager,500000,0,0.279888
INV000117,PO00098,V0053,Production,2024-09-28,2024-10-13,48800.0,Bank Transfer,EMP0063,Paid,0,0,0,0,0,0,0,EMP0063,Rajesh Chauhan,Maintenance,Senior Manager,1500000,0,0.03253333333333333
INV000202,PO00173,V0058,Maintenance,2024-06-26,2024-08-28,11200.0,Bank Transfer,EMP0031,Paid,0,0,0,0,0,0,0,EMP0031,Anjali Singh,Logistics,Manager,500000,0,0.0224
INV000570,PO00499,V0044,Quality,2024-08-27,2024-10-17,59800.0,NEFT/RTGS,EMP0049,paid,0,0,0,0,0,0,0,EMP0049,Deepak Malhotra,HR,Manager,500000,0,0.1196
INV000324,PO00277,V0100,Finance,2024-06-16,2024-07-15,16772.0,Bank Transfer,EMP0031,PAID,0,0,0,0,0,0,0,EMP0031,Anjali Singh,Logistics,Manager,500000,0,0.033544
INV000194,PO00165,V0123,HR,2024-08-09,2024-08-31,125400.0,Bank Transfer,EMP0046,Paid,0,0,0,0,0,0,0,EMP0046,Nikhil Gupta,Quality,Manager,500000,0,0.2508
INV000237,PO00206,V0068,IT,2025-02-07,2025-03-06,5040.0,Bank Transfer,EMP0003,PAID,0,0,0,0,0,0,0,EMP0003,Amit Reddy,Procurement,Manager,500000,0,0.01008
INV000214,PO00185,V0093,Maintenance,2025-01-07,2025-02-27,106206.0,Bank Transfer,EMP0051,Paid,0,0,0,0,0,0,0,EMP0051,Vikram Patel,Sales,VP,10000000,0,0.0106206
INV000129,PO00107,V0109,IT,2024-11-04,2024-12-23,191400.0,Cheque,EMP0012,PAID,0,0,0,0,0,0,0,EMP0012,Arjun Mehta,Production,VP,10000000,0,0.01914
INV000471,PO00411,V0078,Procurement,2024-08-10,2024-10-15,29200.0,Bank Transfer,EMP0044,Paid,0,0,0,0,0,0,0,EMP0044,Vivek Verma,Maintenance,AVP,3000000,0,0.009733333333333333
INV000515,PO00451,V0004,Admin,2025-02-01,2025-02-19,11700.0,Bank Transfer,EMP0048,Paid,0,0,0,0,0,0,0,EMP0048,Ravi Joshi,Sales,Manager,500000,0,0.0234
INV000549,PO00482,V0035,Production,2024-10-31,2024-11-30,62000.0,Bank Transfer,EMP0056,Paid,0,0,0,0,0,0,0,EMP0056,Pooja Iyer,IT,AVP,3000000,0,0.020666666666666667
INV000529,PO00464,V0020,Maintenance,2025-03-29,2025-04-23,2312.0,NEFT/RTGS,EMP0046,Paid,0,0,0,0,0,0,0,EMP0046,Nikhil Gupta,Quality,Manager,500000,0,0.004624
INV000523,PO00459,V0007,Maintenance,2024-12-22,2025-03-02,62100.0,NEFT/RTGS,EMP0031,paid,0,0,0,0,0,0,0,EMP0031,Anjali Singh,Logistics,Manager,500000,0,0.1242
INV000458,PO00402,V0087,Logistics,2024-06-27,2024-09-04,97400.0,Bank Transfer,EMP0031,PAID,0,0,0,0,0,0,0,EMP0031,Anjali Singh,Logistics,Manager,500000,0,0.1948
INV000633,PO00398,V0095,Maintenance,2025-02-15,2025-02-26,96700.0,NEFT/RTGS,EMP0004,Paid,0,0,0,0,0,0,0,EMP0004,Sameer Chauhan,Admin,Manager,500000,0,0.1934
INV000297,PO00259,V0014,Procurement,2025-03-18,2025-04-21,42976.0,NEFT/RTGS,EMP0039,Paid,0,0,0,0,0,0,0,EMP0039,Rajesh Iyer,Quality,Manager,500000,0,0.085952
INV000226,PO00197,V0002,Maintenance,2024-08-08,2024-10-13,40900.0,NEFT/RTGS,EMP0026,Paid,0,0,0,0,0,0,0,EMP0026,Priya Rao,Procurement,Senior Manager,1500000,0,0.027266666666666668
INV000576,PO00505,V0003,Logistics,2025-02-14,2025-03-25,28100.0,Cheque,EMP0048,PAID,0,0,0,0,0,0,0,EMP0048,Ravi Joshi,Sales,Manager,500000,0,0.0562
INV000391,PO00337,V0097,HR,2024-04-27,2024-06-06,48105.0,NEFT/RTGS,EMP0034,Paid,0,0,0,0,0,0,0,EMP0034,Ravi Reddy,HR,AVP,3000000,0,0.016035
INV000090,PO00072,V0095,Finance,2024-04-15,2024-05-16,18100.0,Bank Transfer,EMP0004,Paid,0,0,0,0,0,0,0,EMP0004,Sameer Chauhan,Admin,Manager,500000,0,0.0362
INV000359,PO00305,V0030,IT,2024-05-31,2024-06-14,8400.0,Bank Transfer,EMP0009,Paid,0,0,0,0,0,0,0,EMP0009,Sameer Gupta,Sales,Manager,500000,0,0.0168
INV000528,PO00464,V0020,Maintenance,2025-03-26,2025-04-08,,Bank Transfer,EMP0046,Paid,1,0,0,0,0,0,0,EMP0046,Nikhil Gupta,Quality,Manager,500000,0,
INV000396,PO00339,V0103,IT,2025-01-20,2025-02-20,13700.0,Bank Transfer,EMP0008,paid,0,0,0,0,0,0,0,EMP0008,Vikram Nair,Production,Senior Manager,1500000,0,0.009133333333333334
INV000427,PO00373,V0092,Quality,2024-07-19,2024-08-04,71246.0,Bank Transfer,EMP0009,Paid,0,0,0,0,0,0,0,EMP0009,Sameer Gupta,Sales,Manager,500000,0,0.142492
INV000525,PO00461,V0048,Maintenance,2024-08-26,2024-10-31,194500.0,Bank Transfer,EMP0063,PAID,0,0,0,0,0,0,0,EMP0063,Rajesh Chauhan,Maintenance,Senior Manager,1500000,0,0.12966666666666668
INV000628,,V0121,Maintenance,2025-01-02,2025-02-03,15500.0,,EMP0049,paid,0,0,0,1,0,0,0,EMP0049,Deepak Malhotra,HR,Manager,500000,0,0.031
INV000558,PO00489,V0059,Maintenance,2024-10-31,2024-11-25,31400.0,Bank Transfer,EMP0018,Paid,0,0,0,0,0,0,0,EMP0018,Neha Reddy,Sales,Manager,500000,0,0.0628
INV000020,PO00014,V0082,Maintenance,2024-06-17,2024-08-15,-156500.0,Bank Transfer,EMP0012,Paid,0,1,0,0,0,0,0,EMP0012,Arjun Mehta,Production,VP,10000000,0,-0.01565
INV000015,PO00010,V0007,HR,2024-05-17,2024-07-20,-1776.0,Bank Transfer,EMP0031,paid,0,1,0,0,0,0,0,EMP0031,Anjali Singh,Logistics,Manager,500000,0,-0.003552
INV000253,PO00219,V0058,Production,2025-03-29,2025-06-01,60800.0,Bank Transfer,EMP0031,paid,0,0,0,0,0,0,0,EMP0031,Anjali Singh,Logistics,Manager,500000,0,0.1216
INV000483,PO00424,V0109,IT,2024-12-29,2025-02-18,12518.0,NEFT/RTGS,EMP0012,Paid,0,0,0,0,0,0,0,EMP0012,Arjun Mehta,Production,VP,10000000,0,0.0012518
INV000329,PO00280,V0002,Logistics,2024-07-08,2024-09-06,8426.0,Bank Transfer,EMP0026,paid,0,0,0,0,0,0,0,EMP0026,Priya Rao,Procurement,Senior Manager,1500000,0,0.0056173333333333336
INV000121,PO00101,V0029,Logistics,2025-01-15,2025-03-05,2600.0,Bank Transfer,EMP0056,paid,0,0,0,0,0,0,0,EMP0056,Pooja Iyer,IT,AVP,3000000,0,0.0008666666666666666
INV000333,PO00284,V0107,Production,2024-07-04,2024-08-11,59700.0,Bank Transfer,EMP0049,paid,0,0,0,0,0,0,0,EMP0049,Deepak Malhotra,HR,Manager,500000,0,0.1194
INV000286,PO00249,V0119,Quality,2024-05-05,2024-06-26,28832.0,Bank Transfer,EMP0036,Paid,0,0,0,0,0,0,0,EMP0036,Sanjay Chauhan,Maintenance,Senior Manager,1500000,0,0.019221333333333333
INV000334,PO00286,V0081,Finance,2024-12-29,2025-03-03,109872.0,Cheque,EMP0036,Paid,0,0,0,0,0,0,0,EMP0036,Sanjay Chauhan,Maintenance,Senior Manager,1500000,0,0.073248
INV000043,PO00034,V0020,Finance,2024-07-12,2024-08-01,3300.0,Cheque,EMP0046,PAID,0,0,0,0,0,0,0,EMP0046,Nikhil Gupta,Quality,Manager,500000,0,0.0066
INV000197,PO00168,V0049,Production,2024-12-20,2025-02-26,67500.0,NEFT/RTGS,EMP0053,Paid,0,0,0,0,0,0,0,EMP0053,Manoj Sharma,Admin,AVP,3000000,0,0.0225
INV000346,PO00296,V0060,HR,2025-01-26,2025-02-15,28100.0,Cheque,EMP0018,paid,0,0,0,0,0,0,0,EMP0018,Neha Reddy,Sales,Manager,500000,0,0.0562
INV000034,PO00026,V0030,HR,2024-04-28,2024-05-21,43254.0,Bank Transfer,EMP0009,Paid,0,0,0,0,0,0,0,EMP0009,Sameer Gupta,Sales,Manager,500000,0,0.086508
INV000251,PO00217,V0104,Logistics,2024-07-28,2024-09-14,101900.0,NEFT/RTGS,EMP0029,paid,0,0,0,0,0,0,0,EMP0029,Deepak Chauhan,Admin,Manager,500000,0,0.2038
INV000228,PO00199,V0097,Production,2024-07-06,2024-08-14,14700.0,Bank Transfer,EMP0034,Paid,0,0,0,0,0,0,0,EMP0034,Ravi Reddy,HR,AVP,3000000,0,0.0049
INV000453,PO00396,V0085,Admin,2024-05-01,2024-06-25,84900.0,Bank Transfer,EMP0003,paid,0,0,0,0,0,0,0,EMP0003,Amit Reddy,Procurement,Manager,500000,0,0.1698
INV000467,PO00407,V0039,Quality,2024-07-03,2024-07-25,58400.0,Cheque,EMP0044,PAID,0,0,0,0,0,0,0,EMP0044,Vivek Verma,Maintenance,AVP,3000000,0,0.019466666666666667
INV000619,,V0124,Finance,2025-02-04,2025-02-17,97000.0,Bank Transfer,EMP0008,PAID,0,0,0,1,0,0,0,EMP0008,Vikram Nair,Production,Senior Manager,1500000,0,0.06466666666666666
INV000413,PO00359,V0080,Admin,2024-10-28,2024-11-13,29900.0,Bank Transfer,EMP0051,paid,0,0,0,0,0,0,0,EMP0051,Vikram Patel,Sales,VP,10000000,0,0.00299
INV000431,PO00375,V0045,Quality,2024-06-27,2024-07-14,90100.0,,EMP0010,Paid,0,0,0,0,0,0,0,EMP0010,Suresh Singh,IT,Manager,500000,0,0.1802
INV000644,PO00403,V0021,Production,2025-01-05,2025-01-25,6603.0,Bank Transfer,EMP0052,PAID,0,0,0,0,0,0,0,EMP0052,Suresh Kapoor,HR,Senior Manager,1500000,0,0.004402
INV000553,PO00486,V0031,Maintenance,2024-04-15,2024-05-12,26344.0,Bank Transfer,EMP0055,Paid,0,0,0,0,0,0,0,EMP0055,Manoj Patel,Quality,Manager,500000,0,0.052688
INV000475,PO00416,V0055,Sales,2024-09-09,2024-09-22,444100.0,,EMP0002,paid,0,0,0,0,0,0,0,EMP0002,Varun Gupta,Production,AVP,3000000,0,0.14803333333333332
INV000291,PO00254,V0052,Finance,2025-01-27,2025-03-15,58016.0,,EMP0055,Paid,0,0,0,0,0,0,0,EMP0055,Manoj Patel,Quality,Manager,500000,0,0.116032
INV000311,PO00269,V0023,HR,2024-04-25,2024-05-28,182600.0,NEFT/RTGS,EMP0056,Paid,0,0,0,0,0,0,0,EMP0056,Pooja Iyer,IT,AVP,3000000,0,0.060866666666666666
INV000017,PO00011,V0083,IT,2024-04-19,2024-06-25,150500.0,Bank Transfer,EMP0004,Paid,0,0,0,0,0,0,0,EMP0004,Sameer Chauhan,Admin,Manager,500000,0,0.301
INV000159,PO00133,V0049,Sales,2024-12-15,2025-02-15,2981600.0,Bank Transfer,EMP0053,paid,0,0,0,0,0,0,0,EMP0053,Manoj Sharma,Admin,AVP,3000000,0,0.9938666666666667
INV000244,PO00210,V0084,Sales,2025-03-07,2025-04-15,14200.0,Bank Transfer,EMP0008,Paid,0,0,0,0,0,0,0,EMP0008,Vikram Nair,Production,Senior Manager,1500000,0,0.009466666666666667
INV000067,PO00053,V0023,Finance,2025-01-05,2025-02-08,17703.0,Bank Transfer,EMP0056,Paid,0,0,0,0,0,0,0,EMP0056,Pooja Iyer,IT,AVP,3000000,0,0.005901
INV000147,PO00124,V0103,Quality,2024-11-16,2024-12-14,17996.0,Bank Transfer,EMP0008,Paid,0,0,0,0,0,0,0,EMP0008,Vikram Nair,Production,Senior Manager,1500000,0,0.011997333333333334
INV000422,PO00366,V0076,HR,2025-03-22,2025-04-30,14900.0,,EMP0013,PAID,0,0,0,0,0,0,0,EMP0013,Kavita Iyer,Quality,Senior Manager,1500000,0,0.009933333333333334
INV000360,PO00306,V0094,Procurement,2025-01-24,2025-02-10,17600.0,Bank Transfer,EMP0049,PAID,0,0,0,0,0,0,0,EMP0049,Deepak Malhotra,HR,Manager,500000,0,0.0352
INV000613,,V0052,Procurement,2025-01-06,2025-01-11,71500.0,Bank Transfer,EMP0055,Paid,0,0,0,1,0,0,0,EMP0055,Manoj Patel,Quality,Manager,500000,0,0.143
INV000120,PO00100,V0053,HR,2025-01-28,2025-02-21,8600.0,Bank Transfer,EMP0063,Paid,0,0,0,0,0,0,0,EMP0063,Rajesh Chauhan,Maintenance,Senior Manager,1500000,0,0.005733333333333333
INV000473,PO00413,V0033,Logistics,2024-12-13,2025-01-27,241100.0,NEFT/RTGS,EMP0009,PAID,0,0,0,0,0,0,0,EMP0009,Sameer Gupta,Sales,Manager,500000,0,0.4822
INV000141,PO00120,V0101,Maintenance,2024-12-01,2024-12-28,60400.0,Bank Transfer,EMP0013,Paid,0,0,0,0,0,0,0,EMP0013,Kavita Iyer,Quality,Senior Manager,1500000,0,0.040266666666666666
INV000066,PO00053,V0023,Finance,2025-01-04,2025-02-03,9273.0,,EMP0056,Paid,0,0,0,0,0,0,0,EMP0056,Pooja Iyer,IT,AVP,3000000,0,0.003091
INV000239,PO00206,V0068,IT,2025-02-08,2025-03-13,168.0,NEFT/RTGS,EMP0003,PAID,0,0,0,0,0,0,0,EMP0003,Amit Reddy,Procurement,Manager,500000,0,0.000336
INV000010,PO00006,V0098,HR,2024-10-20,2024-11-09,62456.0,NEFT/RTGS,EMP0009,Paid,0,0,0,0,0,0,0,EMP0009,Sameer Gupta,Sales,Manager,500000,0,0.124912
INV000443,PO00387,V0043,HR,2024-05-02,2024-06-10,,Bank Transfer,EMP0021,paid,1,0,0,0,0,0,0,EMP0021,Ajay Sharma,Admin,Manager,500000,0,
INV000563,PO00492,V0086,Sales,2024-11-11,2025-01-09,17400.0,Bank Transfer,EMP0056,Paid,0,0,0,0,0,0,0,EMP0056,Pooja Iyer,IT,AVP,3000000,0,0.0058
INV000019,PO00013,V0102,Maintenance,2025-02-05,2025-03-09,13400.0,Bank Transfer,EMP0009,paid,0,0,0,0,0,0,0,EMP0009,Sameer Gupta,Sales,Manager,500000,0,0.0268
INV000409,PO00355,V0011,Procurement,2024-09-14,2024-10-05,84800.0,NEFT/RTGS,EMP0048,Paid,0,0,0,0,0,0,0,EMP0048,Ravi Joshi,Sales,Manager,500000,0,0.1696
INV000463,PO00404,V0074,Admin,2024-10-19,2024-11-25,24766.0,Bank Transfer,EMP0051,Paid,0,0,0,0,0,0,0,EMP0051,Vikram Patel,Sales,VP,10000000,0,0.0024766
INV000154,PO00128,V0005,Maintenance,2025-03-27,2025-05-13,108700.0,NEFT/RTGS,EMP0008,paid,0,0,0,0,0,0,0,EMP0008,Vikram Nair,Production,Senior Manager,1500000,0,0.07246666666666667
INV000562,PO00491,V0041,HR,2024-11-15,2025-01-02,49980.0,Cheque,EMP0046,PAID,0,0,0,0,0,0,0,EMP0046,Nikhil Gupta,Quality,Manager,500000,0,0.09996
INV000433,PO00377,V0033,Production,2024-09-01,2024-10-16,41400.0,NEFT/RTGS,EMP0009,paid,0,0,0,0,0,0,0,EMP0009,Sameer Gupta,Sales,Manager,500000,0,0.0828
INV000432,PO00376,V0079,Logistics,2025-01-31,2025-04-07,62800.0,Bank Transfer,EMP0034,paid,0,0,0,0,0,0,0,EMP0034,Ravi Reddy,HR,AVP,3000000,0,0.020933333333333335
INV000485,PO00425,V0016,Quality,2024-07-03,2024-08-16,25800.0,NEFT/RTGS,EMP0063,PAID,0,0,0,0,0,0,0,EMP0063,Rajesh Chauhan,Maintenance,Senior Manager,1500000,0,0.0172
INV000499,PO00439,V0096,Logistics,2024-08-05,2024-09-05,52461.0,Cheque,EMP0054,Paid,0,0,0,0,0,0,0,EMP0054,Deepak Singh,Production,AVP,3000000,0,0.017487
INV000328,PO00280,V0002,Logistics,2024-07-08,2024-09-06,29874.0,Cheque,EMP0026,PAID,0,0,0,0,0,0,0,EMP0026,Priya Rao,Procurement,Senior Manager,1500000,0,0.019916
INV000257,PO00224,V0009,Procurement,2024-12-16,2025-01-15,120600.0,Bank Transfer,EMP0034,paid,0,0,0,0,0,0,0,EMP0034,Ravi Reddy,HR,AVP,3000000,0,0.0402
INV000312,PO00270,V0093,IT,2025-03-12,2025-04-28,68600.0,Cheque,EMP0051,PAID,0,0,0,0,0,0,0,EMP0051,Vikram Patel,Sales,VP,10000000,0,0.00686
INV000152,PO00126,V0056,Maintenance,2024-05-20,2024-07-28,17316.0,Bank Transfer,EMP0004,Paid,0,0,0,0,0,0,0,EMP0004,Sameer Chauhan,Admin,Manager,500000,0,0.034632
INV000305,PO00265,V0074,Procurement,2024-10-16,2024-11-18,6844.0,Bank Transfer,EMP0051,PAID,0,0,0,0,0,0,0,EMP0051,Vikram Patel,Sales,VP,10000000,0,0.0006844
INV000273,PO00239,V0049,Finance,2025-02-11,2025-04-13,6354.0,Cheque,EMP0053,PAID,0,0,0,0,0,0,0,EMP0053,Manoj Sharma,Admin,AVP,3000000,0,0.002118
INV000331,PO00282,V0047,Logistics,2025-02-09,2025-03-19,2911800.0,Bank Transfer,EMP0056,paid,0,0,0,0,0,0,0,EMP0056,Pooja Iyer,IT,AVP,3000000,0,0.9706
INV000414,PO00360,V0081,IT,2024-09-23,2024-11-21,21420.0,Bank Transfer,EMP0036,Paid,0,0,0,0,0,0,0,EMP0036,Sanjay Chauhan,Maintenance,Senior Manager,1500000,0,0.01428
INV000134,PO00113,V0122,IT,2024-12-20,2025-01-20,200000.0,Cheque,EMP0018,Paid,0,0,0,0,0,0,0,EMP0018,Neha Reddy,Sales,Manager,500000,0,0.4
INV000032,PO00024,V0042,Maintenance,2024-05-06,2024-07-04,8424.0,Bank Transfer,EMP0036,paid,0,0,0,0,0,0,0,EMP0036,Sanjay Chauhan,Maintenance,Senior Manager,1500000,0,0.005616
INV000254,PO00221,V0092,Admin,2024-06-09,2024-06-28,23300.0,Cheque,EMP0009,Paid,0,0,0,0,0,0,0,EMP0009,Sameer Gupta,Sales,Manager,500000,0,0.0466
INV000271,PO00238,V0116,Logistics,2025-01-24,2025-02-14,133700.0,Bank Transfer,EMP0008,PAID,0,0,0,0,0,0,0,EMP0008,Vikram Nair,Production,Senior Manager,1500000,0,0.08913333333333333
INV000459,PO00403,V0021,Production,2024-12-28,2025-02-13,136462.0,Bank Transfer,EMP0052,Paid,0,0,0,0,0,0,0,EMP0052,Suresh Kapoor,HR,Senior Manager,1500000,0,0.09097466666666666
INV000162,PO00136,V0130,Finance,2024-05-06,2024-05-25,10500.0,Bank Transfer,EMP0026,Paid,0,0,0,0,0,0,0,EMP0026,Priya Rao,Procurement,Senior Manager,1500000,0,0.007
INV000340,PO00290,V0051,Sales,2024-11-08,2025-01-06,46300.0,Bank Transfer,EMP0054,PAID,0,0,0,0,0,0,0,EMP0054,Deepak Singh,Production,AVP,3000000,0,0.015433333333333334
INV000287,PO00249,V0119,Quality,2024-05-03,2024-06-24,21760.0,Cheque,EMP0036,paid,0,0,0,0,0,0,0,EMP0036,Sanjay Chauhan,Maintenance,Senior Manager,1500000,0,0.014506666666666666
INV000249,PO00215,V0122,Finance,2024-10-28,2024-12-05,87400.0,NEFT/RTGS,EMP0018,Paid,0,0,0,0,0,0,0,EMP0018,Neha Reddy,Sales,Manager,500000,0,0.1748
INV000603,,V0056,IT,2024-10-22,2024-11-26,67200.0,Cheque,EMP0004,Paid,0,0,0,1,0,0,0,EMP0004,Sameer Chauhan,Admin,Manager,500000,0,0.1344
INV000556,PO00487,V0033,Procurement,2024-08-06,2024-09-23,6000.0,,EMP0009,Paid,0,0,0,0,0,0,0,EMP0009,Sameer Gupta,Sales,Manager,500000,0,0.012
INV000002,PO00001,V0056,Finance,2024-12-28,2025-03-02,30014.0,Bank Transfer,EMP0004,PAID,0,0,0,0,0,0,0,EMP0004,Sameer Chauhan,Admin,Manager,500000,0,0.060028
INV000208,PO00179,V0092,IT,2024-12-17,2025-01-11,-74800.0,Bank Transfer,EMP0009,paid,0,1,0,0,0,0,0,EMP0009,Sameer Gupta,Sales,Manager,500000,0,-0.1496
INV000599,,V0060,Finance,2024-12-10,2025-01-10,110600.0,Bank Transfer,EMP0018,Paid,0,0,0,1,0,0,0,EMP0018,Neha Reddy,Sales,Manager,500000,0,0.2212
INV000275,PO00240,V0081,Procurement,2025-02-16,2025-04-17,75800.0,Bank Transfer,EMP0036,paid,0,0,0,0,0,0,0,EMP0036,Sanjay Chauhan,Maintenance,Senior Manager,1500000,0,0.05053333333333333
INV000071,PO00057,V0003,IT,2024-05-11,2024-06-19,41800.0,Cheque,EMP0048,paid,0,0,0,0,0,0,0,EMP0048,Ravi Joshi,Sales,Manager,500000,0,0.0836
INV000445,PO00388,V0069,Finance,2024-08-03,2024-08-28,38200.0,Bank Transfer,EMP0029,Paid,0,0,0,0,0,0,0,EMP0029,Deepak Chauhan,Admin,Manager,500000,0,0.0764
INV000581,PO00509,V0098,Maintenance,2024-11-08,2024-11-26,329800.0,Bank Transfer,EMP0009,Paid,0,0,0,0,0,0,0,EMP0009,Sameer Gupta,Sales,Manager,500000,0,0.6596
INV000099,PO00083,V0023,IT,2024-12-21,2025-01-23,43900.0,Bank Transfer,EMP0056,paid,0,0,0,0,0,0,0,EMP0056,Pooja Iyer,IT,AVP,3000000,0,0.014633333333333333
INV000557,PO00488,V0047,Quality,2025-02-17,2025-03-18,44400.0,Bank Transfer,EMP0056,Paid,0,0,0,0,0,0,0,EMP0056,Pooja Iyer,IT,AVP,3000000,0,0.0148
INV000022,PO00016,V0094,Sales,2024-08-09,2024-08-30,16600.0,NEFT/RTGS,EMP0049,Paid,0,0,0,0,0,0,0,EMP0049,Deepak Malhotra,HR,Manager,500000,0,0.0332
INV000415,PO00360,V0081,IT,2024-09-27,2024-12-02,1890.0,Bank Transfer,EMP0036,Paid,0,0,0,0,0,0,0,EMP0036,Sanjay Chauhan,Maintenance,Senior Manager,1500000,0,0.00126
INV000518,PO00454,V0058,Finance,2025-03-26,2025-06-01,118700.0,,EMP0031,Paid,0,0,0,0,0,0,0,EMP0031,Anjali Singh,Logistics,Manager,500000,0,0.2374
INV000150,PO00125,V0100,Maintenance,2024-07-19,2024-08-17,485200.0,,EMP0031,Paid,0,0,0,0,0,0,0,EMP0031,Anjali Singh,Logistics,Manager,500000,0,0.9704
INV000355,PO00302,V0079,Procurement,2024-05-18,2024-07-16,19503.0,Bank Transfer,EMP0034,paid,0,0,0,0,0,0,0,EMP0034,Ravi Reddy,HR,AVP,3000000,0,0.006501
INV000612,,V0056,Quality,2024-12-23,2025-01-18,65000.0,Cheque,EMP0004,paid,0,0,0,1,0,0,0,EMP0004,Sameer Chauhan,Admin,Manager,500000,0,0.13
INV000053,PO00043,V0102,Sales,2025-03-09,2025-04-07,1455.0,Bank Transfer,EMP0009,PAID,0,0,0,0,0,0,0,EMP0009,Sameer Gupta,Sales,Manager,500000,0,0.00291
INV000199,PO00170,V0061,Maintenance,2024-12-22,2025-01-25,489700.0,NEFT/RTGS,EMP0029,Paid,0,0,0,0,0,0,0,EMP0029,Deepak Chauhan,Admin,Manager,500000,0,0.9794
INV000123,PO00102,V0045,Sales,2025-03-27,2025-04-09,21930.0,Bank Transfer,EMP0010,Paid,0,0,0,0,0,0,0,EMP0010,Suresh Singh,IT,Manager,500000,0,0.04386
INV000204,PO00175,V0109,HR,2024-07-04,2024-08-24,,Bank Transfer,EMP0012,paid,1,0,0,0,0,0,0,EMP0012,Arjun Mehta,Production,VP,10000000,0,
INV000068,PO00053,V0023,Finance,2025-01-04,2025-02-01,1124.0,Bank Transfer,EMP0056,Paid,0,0,0,0,0,0,0,EMP0056,Pooja Iyer,IT,AVP,3000000,0,0.00037466666666666665
INV000224,PO00195,V0064,HR,2024-12-30,2025-01-14,89900.0,Bank Transfer,EMP0046,paid,0,0,0,0,0,0,0,EMP0046,Nikhil Gupta,Quality,Manager,500000,0,0.1798
INV000128,PO00106,V0025,Admin,2024-09-14,2024-11-06,47500.0,Bank Transfer,EMP0036,Paid,0,0,0,0,0,0,0,EMP0036,Sanjay Chauhan,Maintenance,Senior Manager,1500000,0,0.03166666666666667
INV000140,PO00119,V0079,Production,2025-02-24,2025-04-23,-124000.0,Bank Transfer,EMP0034,paid,0,1,0,0,0,0,0,EMP0034,Ravi Reddy,HR,AVP,3000000,0,-0.04133333333333333
INV000418,PO00362,V0014,Procurement,2024-11-06,2024-12-06,165300.0,Bank Transfer,EMP0039,paid,0,0,0,0,0,0,0,EMP0039,Rajesh Iyer,Quality,Manager,500000,0,0.3306
INV000219,PO00189,V0019,Production,2024-07-05,2024-09-08,24000.0,Bank Transfer,EMP0021,Paid,0,0,0,0,0,0,0,EMP0021,Ajay Sharma,Admin,Manager,500000,0,0.048
INV000158,PO00132,V0015,Logistics,2025-02-20,2025-03-28,39600.0,Bank Transfer,EMP0008,PAID,0,0,0,0,0,0,0,EMP0008,Vikram Nair,Production,Senior Manager,1500000,0,0.0264
INV000095,PO00078,V0005,IT,2024-12-29,2025-02-09,81000.0,Bank Transfer,EMP0008,Paid,0,0,0,0,0,0,0,EMP0008,Vikram Nair,Production,Senior Manager,1500000,0,0.054
INV000256,PO00223,V0126,IT,2024-12-07,2025-01-12,29300.0,NEFT/RTGS,EMP0009,paid,0,0,0,0,0,0,0,EMP0009,Sameer Gupta,Sales,Manager,500000,0,0.0586
INV000040,PO00030,V0002,Admin,2024-06-14,2024-08-23,25300.0,Bank Transfer,EMP0026,Paid,0,0,0,0,0,0,0,EMP0026,Priya Rao,Procurement,Senior Manager,1500000,0,0.016866666666666665
INV000131,PO00110,V0099,Quality,2024-11-09,2025-01-11,197200.0,Bank Transfer,EMP0046,paid,0,0,0,0,0,0,0,EMP0046,Nikhil Gupta,Quality,Manager,500000,0,0.3944
INV000643,,V0113,HR,2025-03-21,2025-04-05,15300.0,Bank Transfer,EMP0046,PAID,0,0,0,1,0,0,0,EMP0046,Nikhil Gupta,Quality,Manager,500000,0,0.0306
INV000190,PO00160,V0050,HR,2025-03-15,2025-04-09,3681.0,Cheque,EMP0039,paid,0,0,0,0,0,0,0,EMP0039,Rajesh Iyer,Quality,Manager,500000,0,0.007362
INV000403,PO00348,V0037,Production,2025-03-09,2025-04-03,40100.0,Cheque,EMP0004,PAID,0,0,0,0,0,0,0,EMP0004,Sameer Chauhan,Admin,Manager,500000,0,0.0802
INV000039,PO00029,V0042,Sales,2024-06-23,2024-08-22,59300.0,Bank Transfer,EMP0036,paid,0,0,0,0,0,0,0,EMP0036,Sanjay Chauhan,Maintenance,Senior Manager,1500000,0,0.03953333333333333
INV000243,PO00209,V0124,Production,2024-11-16,2025-01-23,138500.0,Cheque,EMP0008,PAID,0,0,0,0,0,0,0,EMP0008,Vikram Nair,Production,Senior Manager,1500000,0,0.09233333333333334
INV000354,PO00302,V0079,Procurement,2024-05-19,2024-07-15,13002.0,Bank Transfer,EMP0034,Paid,0,0,0,0,0,0,0,EMP0034,Ravi Reddy,HR,AVP,3000000,0,0.004334
INV000535,PO00472,V0121,IT,2024-08-28,2024-09-12,13300.0,Cheque,EMP0049,paid,0,0,0,0,0,0,0,EMP0049,Deepak Malhotra,HR,Manager,500000,0,0.0266
INV000504,PO00443,V0048,HR,2024-07-06,2024-09-08,154100.0,,EMP0063,Paid,0,0,0,0,0,0,0,EMP0063,Rajesh Chauhan,Maintenance,Senior Manager,1500000,0,0.10273333333333333
INV000160,PO00134,V0065,Quality,2024-10-14,2024-11-14,33400.0,Cheque,EMP0026,PAID,0,0,0,0,0,0,0,EMP0026,Priya Rao,Procurement,Senior Manager,1500000,0,0.022266666666666667
INV000395,PO00338,V0072,Finance,2024-06-16,2024-08-14,31856.0,Cheque,EMP0030,Paid,0,0,0,0,0,0,0,EMP0030,Manoj Malhotra,Maintenance,Junior Officer,100000,0,0.31856
INV000538,PO00475,V0123,Quality,2024-12-06,2024-12-28,768.0,Cheque,EMP0046,Paid,0,0,0,0,0,0,0,EMP0046,Nikhil Gupta,Quality,Manager,500000,0,0.001536
INV000241,PO00208,V0079,Procurement,2025-03-29,2025-05-30,200000.0,Cheque,EMP0034,Paid,0,0,0,0,0,0,0,EMP0034,Ravi Reddy,HR,AVP,3000000,0,0.06666666666666667
INV000014,PO00009,V0084,IT,2024-11-11,2024-12-15,137600.0,NEFT/RTGS,EMP0008,Paid,0,0,0,0,0,0,0,EMP0008,Vikram Nair,Production,Senior Manager,1500000,0,0.09173333333333333
INV000476,PO00417,V0113,Finance,2024-10-23,2024-11-21,29500.0,Bank Transfer,EMP0046,PAID,0,0,0,0,0,0,0,EMP0046,Nikhil Gupta,Quality,Manager,500000,0,0.059
INV000567,PO00496,V0048,IT,2024-10-19,2024-12-24,20400.0,Bank Transfer,EMP0063,PAID,0,0,0,0,0,0,0,EMP0063,Rajesh Chauhan,Maintenance,Senior Manager,1500000,0,0.0136
INV000315,PO00271,V0055,Production,2025-03-28,2025-04-20,37980.0,Bank Transfer,EMP0002,paid,0,0,0,0,0,0,0,EMP0002,Varun Gupta,Production,AVP,3000000,0,0.01266
INV000362,PO00308,V0108,Admin,2025-03-24,2025-05-31,17700.0,Bank Transfer,EMP0034,Paid,0,0,0,0,0,0,0,EMP0034,Ravi Reddy,HR,AVP,3000000,0,0.0059
INV000321,PO00275,V0084,Finance,2024-06-16,2024-07-24,40500.0,NEFT/RTGS,EMP0008,Paid,0,0,0,0,0,0,0,EMP0008,Vikram Nair,Production,Senior Manager,1500000,0,0.027
INV000356,PO00302,V0079,Procurement,2024-05-17,2024-07-26,26595.0,Cheque,EMP0034,Paid,0,0,0,0,0,0,0,EMP0034,Ravi Reddy,HR,AVP,3000000,0,0.008865
INV000035,PO00026,V0030,HR,2024-04-25,2024-05-19,10146.0,Bank Transfer,EMP0009,Paid,0,0,0,0,0,0,0,EMP0009,Sameer Gupta,Sales,Manager,500000,0,0.020292
INV000335,PO00286,V0081,Finance,2024-12-30,2025-02-27,82404.0,Bank Transfer,EMP0036,Paid,0,0,0,0,0,0,0,EMP0036,Sanjay Chauhan,Maintenance,Senior Manager,1500000,0,0.054936
INV000377,PO00322,V0052,Quality,2025-03-29,2025-05-11,88000.0,Bank Transfer,EMP0055,PAID,0,0,0,0,0,0,0,EMP0055,Manoj Patel,Quality,Manager,500000,0,0.176
INV000185,PO00157,V0005,Finance,2024-09-04,2024-10-23,22265.0,Bank Transfer,EMP0008,Paid,0,0,0,0,0,0,0,EMP0008,Vikram Nair,Production,Senior Manager,1500000,0,0.014843333333333333
INV000424,PO00369,V0020,Sales,2025-01-28,2025-02-14,7100.0,Bank Transfer,EMP0046,Paid,0,0,0,0,0,0,0,EMP0046,Nikhil Gupta,Quality,Manager,500000,0,0.0142
INV000326,PO00278,V0113,Sales,2025-02-28,2025-03-27,55100.0,Bank Transfer,EMP0046,paid,0,0,0,0,0,0,0,EMP0046,Nikhil Gupta,Quality,Manager,500000,0,0.1102
INV000188,PO00160,V0050,HR,2025-03-23,2025-04-08,19632.0,Cheque,EMP0039,PAID,0,0,0,0,0,0,0,EMP0039,Rajesh Iyer,Quality,Manager,500000,0,0.039264
INV000285,PO00249,V0119,Quality,2024-04-29,2024-06-11,3808.0,Bank Transfer,EMP0036,PAID,0,0,0,0,0,0,0,EMP0036,Sanjay Chauhan,Maintenance,Senior Manager,1500000,0,0.0025386666666666665
INV000392,PO00337,V0097,HR,2024-04-25,2024-06-01,58795.0,Cheque,EMP0034,PAID,0,0,0,0,0,0,0,EMP0034,Ravi Reddy,HR,AVP,3000000,0,0.019598333333333332
INV000623,,V0072,Procurement,2024-05-08,2024-05-30,27600.0,Cheque,EMP0030,Paid,0,0,0,1,0,0,0,EMP0030,Manoj Malhotra,Maintenance,Junior Officer,100000,0,0.276
INV000166,PO00140,V0030,Procurement,2025-03-24,2025-04-14,80100.0,NEFT/RTGS,EMP0009,Paid,0,0,0,0,0,0,0,EMP0009,Sameer Gupta,Sales,Manager,500000,0,0.1602
INV000348,PO00297,V0095,Admin,2024-10-23,2024-11-27,34584.0,Bank Transfer,EMP0004,Paid,0,0,0,0,0,0,0,EMP0004,Sameer Chauhan,Admin,Manager,500000,0,0.069168
INV000299,PO00260,V0069,Finance,2024-11-01,2024-11-18,152500.0,Cheque,EMP0029,Paid,0,0,0,0,0,0,0,EMP0029,Deepak Chauhan,Admin,Manager,500000,0,0.305
INV000536,PO00473,V0104,Finance,2025-03-28,2025-05-18,,,EMP0029,paid,1,0,0,0,0,0,0,EMP0029,Deepak Chauhan,Admin,Manager,500000,0,
INV000230,PO00201,V0011,IT,2025-03-28,2025-04-22,112200.0,Cheque,EMP0048,PAID,0,0,0,0,0,0,0,EMP0048,Ravi Joshi,Sales,Manager,500000,0,0.2244
INV000042,PO00033,V0101,HR,2024-09-19,2024-10-21,49200.0,Cheque,EMP0013,Paid,0,0,0,0,0,0,0,EMP0013,Kavita Iyer,Quality,Senior Manager,1500000,0,0.0328
INV000544,PO00478,V0024,Finance,2024-07-10,2024-08-19,9386.0,Bank Transfer,EMP0002,Paid,0,0,0,0,0,0,0,EMP0002,Varun Gupta,Production,AVP,3000000,0,0.0031286666666666667
INV000447,PO00390,V0015,Logistics,2024-12-24,2025-01-29,20898.0,Bank Transfer,EMP0008,PAID,0,0,0,0,0,0,0,EMP0008,Vikram Nair,Production,Senior Manager,1500000,0,0.013932
INV000448,PO00390,V0015,Logistics,2024-12-31,2025-02-02,4902.0,Cheque,EMP0008,PAID,0,0,0,0,0,0,0,EMP0008,Vikram Nair,Production,Senior Manager,1500000,0,0.003268
INV000046,PO00037,V0006,Sales,2024-08-26,2024-10-25,80300.0,Bank Transfer,EMP0054,PAID,0,0,0,0,0,0,0,EMP0054,Deepak Singh,Production,AVP,3000000,0,0.026766666666666668
INV000109,PO00091,V0072,Procurement,2024-10-31,2024-12-28,400000.0,Bank Transfer,EMP0030,Paid,0,0,0,0,0,0,0,EMP0030,Manoj Malhotra,Maintenance,Junior Officer,100000,1,4.0
INV000030,PO00023,V0027,Procurement,2024-12-30,2025-01-29,26300.0,Cheque,EMP0003,Paid,0,0,0,0,0,0,0,EMP0003,Amit Reddy,Procurement,Manager,500000,0,0.0526
INV000182,PO00156,V0035,Logistics,2024-05-01,2024-06-06,1225.0,Bank Transfer,EMP0056,Paid,0,0,0,0,0,0,0,EMP0056,Pooja Iyer,IT,AVP,3000000,0,0.00040833333333333336
INV000420,PO00364,V0066,Finance,2024-06-13,2024-06-25,33900.0,Bank Transfer,EMP0003,PAID,0,0,0,0,0,0,0,EMP0003,Amit Reddy,Procurement,Manager,500000,0,0.0678
INV000105,PO00087,V0034,Maintenance,2025-02-28,2025-03-31,20300.0,,EMP0044,Paid,0,0,0,0,0,0,0,EMP0044,Vivek Verma,Maintenance,AVP,3000000,0,0.0067666666666666665
INV000061,PO00050,V0113,Production,2024-09-05,2024-10-09,7670.0,Bank Transfer,EMP0046,Paid,0,0,0,0,0,0,0,EMP0046,Nikhil Gupta,Quality,Manager,500000,0,0.01534
INV000084,PO00068,V0095,IT,2025-03-26,2025-04-28,78900.0,Bank Transfer,EMP0004,Paid,0,0,0,0,0,0,0,EMP0004,Sameer Chauhan,Admin,Manager,500000,0,0.1578
INV000491,PO00431,V0021,Finance,2025-03-30,2025-05-20,39600.0,Bank Transfer,EMP0052,PAID,0,0,0,0,0,0,0,EMP0052,Suresh Kapoor,HR,Senior Manager,1500000,0,0.0264
INV000316,PO00272,V0052,Logistics,2024-07-27,2024-09-09,25800.0,Cheque,EMP0055,PAID,0,0,0,0,0,0,0,EMP0055,Manoj Patel,Quality,Manager,500000,0,0.0516
INV000451,PO00394,V0103,Quality,2024-08-30,2024-10-02,89800.0,Bank Transfer,EMP0008,PAID,0,0,0,0,0,0,0,EMP0008,Vikram Nair,Production,Senior Manager,1500000,0,0.059866666666666665
INV000382,PO00327,V0124,Admin,2024-07-16,2024-09-18,154500.0,NEFT/RTGS,EMP0008,paid,0,0,0,0,0,0,0,EMP0008,Vikram Nair,Production,Senior Manager,1500000,0,0.103
INV000423,PO00368,V0008,Procurement,2024-07-01,2024-08-03,54500.0,Bank Transfer,EMP0031,Paid,0,0,0,0,0,0,0,EMP0031,Anjali Singh,Logistics,Manager,500000,0,0.109
INV000497,PO00437,V0010,Finance,2025-01-11,2025-02-17,281600.0,Cheque,EMP0054,PAID,0,0,0,0,0,0,0,EMP0054,Deepak Singh,Production,AVP,3000000,0,0.09386666666666667
INV000615,,V0113,HR,2025-03-17,2025-04-19,15300.0,Bank Transfer,EMP0046,Paid,0,0,0,1,0,0,0,EMP0046,Nikhil Gupta,Quality,Manager,500000,0,0.0306
INV000524,PO00460,V0005,Sales,2024-09-12,2024-10-28,39000.0,Bank Transfer,EMP0008,Paid,0,0,0,0,0,0,0,EMP0008,Vikram Nair,Production,Senior Manager,1500000,0,0.026
INV000446,PO00389,V0061,Quality,2024-10-10,2024-11-12,19000.0,NEFT/RTGS,EMP0029,paid,0,0,0,0,0,0,0,EMP0029,Deepak Chauhan,Admin,Manager,500000,0,0.038
INV000001,PO00001,V0056,Finance,2024-12-19,2025-02-24,4886.0,NEFT/RTGS,EMP0004,Paid,0,0,0,0,0,0,0,EMP0004,Sameer Chauhan,Admin,Manager,500000,0,0.009772
INV000631,PO00502,V0071,Admin,2024-06-23,2024-07-09,33900.0,Cheque,EMP0051,Paid,0,0,0,0,0,0,0,EMP0051,Vikram Patel,Sales,VP,10000000,0,0.00339
INV000489,PO00429,V0006,Logistics,2025-03-29,2025-06-05,219600.0,Bank Transfer,EMP0054,Paid,0,0,0,0,0,0,0,EMP0054,Deepak Singh,Production,AVP,3000000,0,0.0732
INV000089,PO00071,V0086,Procurement,2024-07-05,2024-09-06,32400.0,Bank Transfer,EMP0056,PAID,0,0,0,0,0,0,0,EMP0056,Pooja Iyer,IT,AVP,3000000,0,0.0108
INV000484,PO00424,V0109,IT,2024-12-30,2025-02-18,44382.0,Cheque,EMP0012,PAID,0,0,0,0,0,0,0,EMP0012,Arjun Mehta,Production,VP,10000000,0,0.0044382
INV000461,PO00403,V0021,Production,2025-01-02,2025-02-17,77035.0,Bank Transfer,EMP0052,PAID,0,0,0,0,0,0,0,EMP0052,Suresh Kapoor,HR,Senior Manager,1500000,0,0.05135666666666667
INV000078,PO00063,V0073,Procurement,2025-03-30,2025-05-06,1430.0,Bank Transfer,EMP0034,paid,0,0,0,0,0,0,0,EMP0034,Ravi Reddy,HR,AVP,3000000,0,0.0004766666666666667
INV000269,PO00236,V0099,Procurement,2024-06-23,2024-08-31,11900.0,Bank Transfer,EMP0046,Paid,0,0,0,0,0,0,0,EMP0046,Nikhil Gupta,Quality,Manager,500000,0,0.0238
INV000124,PO00102,V0045,Sales,2025-03-27,2025-04-10,2580.0,Bank Transfer,EMP0010,Paid,0,0,0,0,0,0,0,EMP0010,Suresh Singh,IT,Manager,500000,0,0.00516
INV000298,PO00259,V0014,Procurement,2025-03-19,2025-04-26,20224.0,Cheque,EMP0039,Paid,0,0,0,0,0,0,0,EMP0039,Rajesh Iyer,Quality,Manager,500000,0,0.040448
INV000096,PO00079,V0063,Admin,2025-03-15,2025-04-20,221700.0,Cheque,EMP0010,PAID,0,0,0,0,0,0,0,EMP0010,Suresh Singh,IT,Manager,500000,0,0.4434
INV000012,PO00007,V0092,Logistics,2025-01-24,2025-02-13,34300.0,Bank Transfer,EMP0009,Paid,0,0,0,0,0,0,0,EMP0009,Sameer Gupta,Sales,Manager,500000,0,0.0686
INV000115,PO00096,V0042,Finance,2024-06-01,2024-08-01,43524.0,Bank Transfer,EMP0036,PAID,0,0,0,0,0,0,0,EMP0036,Sanjay Chauhan,Maintenance,Senior Manager,1500000,0,0.029016
INV000429,PO00374,V0068,IT,2025-02-27,2025-04-07,2542.0,Bank Transfer,EMP0003,Paid,0,0,0,0,0,0,0,EMP0003,Amit Reddy,Procurement,Manager,500000,0,0.005084
INV000258,PO00225,V0055,Procurement,2024-07-08,2024-08-01,110500.0,NEFT/RTGS,EMP0002,PAID,0,0,0,0,0,0,0,EMP0002,Varun Gupta,Production,AVP,3000000,0,0.036833333333333336
INV000353,PO00301,V0058,Finance,2024-04-29,2024-07-02,26000.0,Bank Transfer,EMP0031,Paid,0,0,0,0,0,0,0,EMP0031,Anjali Singh,Logistics,Manager,500000,0,0.052
INV000532,PO00470,V0079,Admin,2024-11-24,2025-01-27,10925.0,Bank Transfer,EMP0034,paid,0,0,0,0,0,0,0,EMP0034,Ravi Reddy,HR,AVP,3000000,0,0.0036416666666666667
INV000170,PO00143,V0105,IT,2025-03-27,2025-05-05,9866200.0,NEFT/RTGS,EMP0035,paid,0,0,0,0,0,0,0,EMP0035,Anil Rao,Maintenance,VP,10000000,0,0.98662
INV000240,PO00207,V0016,Quality,2025-03-26,2025-05-07,32800.0,Cheque,EMP0063,Paid,0,0,0,0,0,0,0,EMP0063,Rajesh Chauhan,Maintenance,Senior Manager,1500000,0,0.021866666666666666
INV000278,PO00243,V0097,IT,2024-05-22,2024-06-25,142600.0,Bank Transfer,EMP0034,Paid,0,0,0,0,0,0,0,EMP0034,Ravi Reddy,HR,AVP,3000000,0,0.04753333333333333
INV000161,PO00135,V0043,Production,2025-03-29,2025-04-26,33600.0,NEFT/RTGS,EMP0021,paid,0,0,0,0,0,0,0,EMP0021,Ajay Sharma,Admin,Manager,500000,0,0.0672
INV000074,PO00060,V0046,Quality,2024-11-08,2025-01-08,99600.0,Bank Transfer,EMP0035,Paid,0,0,0,0,0,0,0,EMP0035,Anil Rao,Maintenance,VP,10000000,0,0.00996
INV000530,PO00466,V0016,Finance,2024-07-05,2024-08-28,13000.0,Bank Transfer,EMP0063,paid,0,0,0,0,0,0,0,EMP0063,Rajesh Chauhan,Maintenance,Senior Manager,1500000,0,0.008666666666666666
INV000063,PO00052,V0024,Quality,2024-11-11,2024-12-21,6890.0,Bank Transfer,EMP0002,Paid,0,0,0,0,0,0,0,EMP0002,Varun Gupta,Production,AVP,3000000,0,0.0022966666666666665
INV000493,PO00433,V0118,Sales,2025-02-07,2025-03-18,33400.0,Bank Transfer,EMP0026,PAID,0,0,0,0,0,0,0,EMP0026,Priya Rao,Procurement,Senior Manager,1500000,0,0.022266666666666667
INV000048,PO00039,V0068,Quality,2024-07-06,2024-08-04,26700.0,NEFT/RTGS,EMP0003,Paid,0,0,0,0,0,0,0,EMP0003,Amit Reddy,Procurement,Manager,500000,0,0.0534
INV000592,PO00518,V0064,Maintenance,2025-03-31,2025-04-12,21800.0,Bank Transfer,EMP0046,Paid,0,0,0,0,0,0,0,EMP0046,Nikhil Gupta,Quality,Manager,500000,0,0.0436
INV000638,PO00519,V0059,Maintenance,2024-07-30,2024-08-16,495500.0,Cheque,EMP0018,Paid,0,0,0,0,0,0,0,EMP0018,Neha Reddy,Sales,Manager,500000,0,0.991
INV000506,PO00445,V0017,Finance,2024-08-19,2024-10-24,46500.0,Cheque,EMP0021,paid,0,0,0,0,0,0,0,EMP0021,Ajay Sharma,Admin,Manager,500000,0,0.093
INV000021,PO00015,V0045,Admin,2024-09-08,2024-09-23,30900.0,Bank Transfer,EMP0010,Paid,0,0,0,0,0,0,0,EMP0010,Suresh Singh,IT,Manager,500000,0,0.0618
INV000425,PO00370,V0096,Admin,2025-01-31,2025-03-02,70500.0,Bank Transfer,EMP0054,Paid,0,0,0,0,0,0,0,EMP0054,Deepak Singh,Production,AVP,3000000,0,0.0235
INV000193,PO00164,V0119,HR,2025-03-27,2025-05-11,113400.0,Bank Transfer,EMP0036,Paid,0,0,0,0,0,0,0,EMP0036,Sanjay Chauhan,Maintenance,Senior Manager,1500000,0,0.0756
INV000216,PO00186,V0106,HR,2024-04-19,2024-05-31,78400.0,NEFT/RTGS,EMP0049,PAID,0,0,0,0,0,0,0,EMP0049,Deepak Malhotra,HR,Manager,500000,0,0.1568
INV000245,PO00211,V0061,Production,2024-12-02,2025-01-06,18800.0,Bank Transfer,EMP0029,Paid,0,0,0,0,0,0,0,EMP0029,Deepak Chauhan,Admin,Manager,500000,0,0.0376
INV000364,PO00310,V0016,Procurement,2025-03-29,2025-05-21,64300.0,NEFT/RTGS,EMP0063,paid,0,0,0,0,0,0,0,EMP0063,Rajesh Chauhan,Maintenance,Senior Manager,1500000,0,0.042866666666666664
INV000060,PO00050,V0113,Production,2024-09-11,2024-10-14,4130.0,Bank Transfer,EMP0046,paid,0,0,0,0,0,0,0,EMP0046,Nikhil Gupta,Quality,Manager,500000,0,0.00826
INV000222,PO00193,V0013,Sales,2025-01-03,2025-03-06,56600.0,Bank Transfer,EMP0018,paid,0,0,0,0,0,0,0,EMP0018,Neha Reddy,Sales,Manager,500000,0,0.1132
INV000177,PO00150,V0054,HR,2024-05-10,2024-06-07,369900.0,Cheque,EMP0008,Paid,0,0,0,0,0,0,0,EMP0008,Vikram Nair,Production,Senior Manager,1500000,0,0.2466
INV000450,PO00392,V0094,Production,2025-01-25,2025-02-17,12900.0,Bank Transfer,EMP0049,Paid,0,0,0,0,0,0,0,EMP0049,Deepak Malhotra,HR,Manager,500000,0,0.0258
INV000056,PO00046,V0111,Quality,2024-10-12,2024-10-30,61100.0,Bank Transfer,EMP0029,paid,0,0,0,0,0,0,0,EMP0029,Deepak Chauhan,Admin,Manager,500000,0,0.1222
INV000255,PO00222,V0089,IT,2024-06-16,2024-07-07,74100.0,Cheque,EMP0053,Paid,0,0,0,0,0,0,0,EMP0053,Manoj Sharma,Admin,AVP,3000000,0,0.0247
INV000386,PO00331,V0033,HR,2024-08-19,2024-09-30,29100.0,Bank Transfer,EMP0009,Paid,0,0,0,0,0,0,0,EMP0009,Sameer Gupta,Sales,Manager,500000,0,0.0582
INV000198,PO00169,V0013,Sales,2024-05-14,2024-07-19,82600.0,Bank Transfer,EMP0018,Paid,0,0,0,0,0,0,0,EMP0018,Neha Reddy,Sales,Manager,500000,0,0.1652
INV000069,PO00054,V0004,Finance,2025-01-17,2025-02-06,43000.0,Cheque,EMP0048,Paid,0,0,0,0,0,0,0,EMP0048,Ravi Joshi,Sales,Manager,500000,0,0.086
INV000169,PO00142,V0103,IT,2024-08-04,2024-09-03,183396.0,NEFT/RTGS,EMP0008,Paid,0,0,0,0,0,0,0,EMP0008,Vikram Nair,Production,Senior Manager,1500000,0,0.122264
INV000186,PO00158,V0075,Procurement,2024-11-08,2024-12-25,25500.0,Bank Transfer,EMP0031,paid,0,0,0,0,0,0,0,EMP0031,Anjali Singh,Logistics,Manager,500000,0,0.051
INV000036,PO00027,V0126,HR,2024-06-22,2024-07-27,45612.0,Bank Transfer,EMP0009,Paid,0,0,0,0,0,0,0,EMP0009,Sameer Gupta,Sales,Manager,500000,0,0.091224
INV000642,PO00324,V0022,Sales,2025-03-14,2025-03-29,59900.0,Bank Transfer,EMP0003,Paid,0,0,0,0,0,0,0,EMP0003,Amit Reddy,Procurement,Manager,500000,0,0.1198
